featurecla,scalerank,LABELRANK,SOVEREIGNT,SOV_A3,ADM0_DIF,LEVEL,TYPE,TLC,ADMIN,ADM0_A3,GEOUNIT,GU_A3,SUBUNIT,SU_A3,NAME,NAME_LONG,BRK_A3,BRK_NAME,BRK_GROUP,ABBREV,POSTAL,FORMAL_EN,NAME_CIAWF,NAME_SORT,NAME_ALT,MAPCOLOR7,MAPCOLOR8,MAPCOLOR9,MAPCOLOR13,POP_EST,POP_RANK,POP_YEAR,GDP_MD,GDP_YEAR,ECONOMY,INCOME_GRP,ISO_A2,ISO_A3,ISO_N3,ADM0_ISO,CONTINENT,REGION_UN,SUBREGION,REGION_WB,WIKIDATAID,NAME_EN,NAME_ES
Admin-0 country,0,2,Indonesia,IDN,0,2,Sovereign country,1,Indonesia,IDN,Indonesia,IDN,Indonesia,IDN,Indonesia,Indonesia,IDN,Indonesia,,Indo.,INDO,Republic of Indonesia,Indonesia,Indonesia,,6,6,6,11,270625568,17,2019,1119190,2019,4. Emerging region: MIKT,4. Lower middle income,ID,IDN,360,IDN,Asia,Asia,South-Eastern Asia,East Asia & Pacific,Q252,Indonesia,Indonesia
Admin-0 country,0,3,Malaysia,MYS,0,2,Sovereign country,1,Malaysia,MYS,Malaysia,MYS,Malaysia,MYS,Malaysia,Malaysia,MYS,Malaysia,,Malay.,MY,Malaysia,Malaysia,Malaysia,,2,4,3,6,31949777,15,2019,364681,2019,6. Developing region,3. Upper middle income,MY,MYS,458,MYS,Asia,Asia,South-Eastern Asia,East Asia & Pacific,Q833,Malaysia,Malasia
Admin-0 country,0,2,Chile,CHL,0,2,Sovereign country,1,Chile,CHL,Chile,CHL,Chile,CHL,Chile,Chile,CHL,Chile,,Chile,CL,Republic of Chile,Chile,Chile,,5,1,5,9,18952038,14,2019,282318,2019,5. Emerging region: G20,3. Upper middle income,CL,CHL,152,CHL,South America,Americas,South America,Latin America & Caribbean,Q298,Chile,Chile
Admin-0 country,0,3,Bolivia,BOL,0,2,Sovereign country,1,Bolivia,BOL,Bolivia,BOL,Bolivia,BOL,Bolivia,Bolivia,BOL,Bolivia,,Bolivia,BO,Plurinational State of Bolivia,Bolivia,Bolivia,,1,5,2,3,11513100,14,2019,40895,2019,5. Emerging region: G20,4. Lower middle income,BO,BOL,68,BOL,South America,Americas,South America,Latin America & Caribbean,Q750,Bolivia,Bolivia
Admin-0 country,0,2,Peru,PER,0,2,Sovereign country,1,Peru,PER,Peru,PER,Peru,PER,Peru,Peru,PER,Peru,,Peru,PE,Republic of Peru,Peru,Peru,,4,4,4,11,32510453,15,2019,226848,2019,5. Emerging region: G20,3. Upper middle income,PE,PER,604,PER,South America,Americas,South America,Latin America & Caribbean,Q419,Peru,Perú
Admin-0 country,0,2,Argentina,ARG,0,2,Sovereign country,1,Argentina,ARG,Argentina,ARG,Argentina,ARG,Argentina,Argentina,ARG,Argentina,,Arg.,AR,Argentine Republic,Argentina,Argentina,,3,1,3,13,44938712,15,2019,445445,2019,5. Emerging region: G20,3. Upper middle income,AR,ARG,32,ARG,South America,Americas,South America,Latin America & Caribbean,Q414,Argentina,Argentina
Admin-0 country,3,3,United Kingdom,GB1,1,2,Dependency,1,Dhekelia Sovereign Base Area,ESB,Dhekelia Sovereign Base Area,ESB,Dhekelia Sovereign Base Area,ESB,Dhekelia,Dhekelia,ESB,Dhekelia,,Dhek.,DH,,,Dhekelia Sovereign Base Area,,6,6,6,3,7850,5,2013,314,2013,2. Developed region: nonG7,2. High income: nonOECD,-99,-99,-99,-99,Asia,Asia,Western Asia,Europe & Central Asia,Q9206745,Dhekelia Cantonment,Dekelia
Admin-0 country,1,5,Cyprus,CYP,0,2,Sovereign country,1,Cyprus,CYP,Cyprus,CYP,Cyprus,CYP,Cyprus,Cyprus,CYP,Cyprus,,Cyp.,CY,Republic of Cyprus,Cyprus,Cyprus,,1,2,3,7,1198575,12,2019,24948,2019,6. Developing region,2. High income: nonOECD,CY,CYP,196,CYP,Asia,Asia,Western Asia,Europe & Central Asia,Q229,Cyprus,Chipre
Admin-0 country,0,2,India,IND,0,2,Sovereign country,1,India,IND,India,IND,India,IND,India,India,IND,India,,India,IND,Republic of India,India,India,,1,3,2,2,1366417754,18,2019,2868929,2019,3. Emerging region: BRIC,4. Lower middle income,IN,IND,356,IND,Asia,Asia,Southern Asia,South Asia,Q668,India,India
Admin-0 country,0,2,China,CH1,1,2,Country,1,China,CHN,China,CHN,China,CHN,China,China,CHN,China,,China,CN,People's Republic of China,China,China,,4,4,4,3,1397715000,18,2019,14342903,2019,3. Emerging region: BRIC,3. Upper middle income,CN,CHN,156,CHN,Asia,Asia,Eastern Asia,East Asia & Pacific,Q148,People's Republic of China,China
Admin-0 country,0,4,Israel,IS1,1,2,Disputed,1,Israel,ISR,Israel,ISR,Israel,ISR,Israel,Israel,ISR,Israel,,Isr.,IS,State of Israel,Israel,Israel,,3,2,5,9,9053300,13,2019,394652,2019,2. Developed region: nonG7,1. High income: OECD,IL,ISR,376,ISR,Asia,Asia,Western Asia,Middle East & North Africa,Q801,Israel,Israel
Admin-0 country,0,5,Israel,IS1,1,2,Indeterminate,1,Palestine,PSX,Palestine,PSX,Palestine,PSX,Palestine,Palestine,PSX,Palestine,,Pal.,PAL,West Bank and Gaza,,Palestine (West Bank and Gaza),,3,2,5,8,4685306,12,2019,16276,2018,6. Developing region,4. Lower middle income,PS,PSE,275,PSX,Asia,Asia,Western Asia,Middle East & North Africa,Q23792,Palestine,Palestina
Admin-0 country,0,5,Lebanon,LBN,0,2,Sovereign country,1,Lebanon,LBN,Lebanon,LBN,Lebanon,LBN,Lebanon,Lebanon,LBN,Lebanon,,Leb.,LB,Lebanese Republic,Lebanon,Lebanon,,4,4,4,12,6855713,13,2019,51991,2019,6. Developing region,3. Upper middle income,LB,LBN,422,LBN,Asia,Asia,Western Asia,Middle East & North Africa,Q822,Lebanon,Líbano
Admin-0 country,0,2,Ethiopia,ETH,0,2,Sovereign country,1,Ethiopia,ETH,Ethiopia,ETH,Ethiopia,ETH,Ethiopia,Ethiopia,ETH,Ethiopia,,Eth.,ET,Federal Democratic Republic of Ethiopia,Ethiopia,Ethiopia,,4,4,1,13,112078730,17,2019,95912,2019,7. Least developed region,5. Low income,ET,ETH,231,ETH,Africa,Africa,Eastern Africa,Sub-Saharan Africa,Q115,Ethiopia,Etiopía
Admin-0 country,0,3,South Sudan,SDS,0,2,Sovereign country,1,South Sudan,SDS,South Sudan,SDS,South Sudan,SDS,S. Sudan,South Sudan,SDS,S. Sudan,,S. Sud.,SS,Republic of South Sudan,South Sudan,South Sudan,,1,3,3,5,11062113,14,2019,11998,2015,7. Least developed region,5. Low income,SS,SSD,728,SSD,Africa,Africa,Eastern Africa,Sub-Saharan Africa,Q958,South Sudan,Sudán del Sur
Admin-0 country,0,6,Somalia,SOM,0,2,Sovereign country,1,Somalia,SOM,Somalia,SOM,Somalia,SOM,Somalia,Somalia,SOM,Somalia,,Som.,SO,Federal Republic of Somalia,Somalia,Somalia,,2,8,6,7,10192317,14,2019,4719,2016,7. Least developed region,5. Low income,SO,SOM,706,SOM,Africa,Africa,Eastern Africa,Sub-Saharan Africa,Q1045,Somalia,Somalia
Admin-0 country,0,2,Kenya,KEN,0,2,Sovereign country,1,Kenya,KEN,Kenya,KEN,Kenya,KEN,Kenya,Kenya,KEN,Kenya,,Ken.,KE,Republic of Kenya,Kenya,Kenya,,5,2,7,3,52573973,16,2019,95503,2019,5. Emerging region: G20,5. Low income,KE,KEN,404,KEN,Africa,Africa,Eastern Africa,Sub-Saharan Africa,Q114,Kenya,Kenia
Admin-0 country,0,6,Malawi,MWI,0,2,Sovereign country,1,Malawi,MWI,Malawi,MWI,Malawi,MWI,Malawi,Malawi,MWI,Malawi,,Mal.,MW,Republic of Malawi,Malawi,Malawi,,1,3,4,5,18628747,14,2019,7666,2019,7. Least developed region,5. Low income,MW,MWI,454,MWI,Africa,Africa,Eastern Africa,Sub-Saharan Africa,Q1020,Malawi,Malaui
Admin-0 country,0,3,United Republic of Tanzania,TZA,0,2,Sovereign country,1,United Republic of Tanzania,TZA,Tanzania,TZA,Tanzania,TZA,Tanzania,Tanzania,TZA,Tanzania,,Tanz.,TZ,United Republic of Tanzania,Tanzania,Tanzania,,3,6,2,2,58005463,16,2019,63177,2019,7. Least developed region,5. Low income,TZ,TZA,834,TZA,Africa,Africa,Eastern Africa,Sub-Saharan Africa,Q924,Tanzania,Tanzania
Admin-0 country,0,3,Syria,SYR,0,2,Sovereign country,1,Syria,SYR,Syria,SYR,Syria,SYR,Syria,Syria,SYR,Syria,,Syria,SYR,Syrian Arab Republic,Syria,Syrian Arab Republic,,2,6,2,6,17070135,14,2019,98830,2015,6. Developing region,4. Lower middle income,SY,SYR,760,SYR,Asia,Asia,Western Asia,Middle East & North Africa,Q858,Syria,Siria
Admin-0 country,0,5,Somaliland,SOL,0,2,Sovereign country,1,Somaliland,SOL,Somaliland,SOL,Somaliland,SOL,Somaliland,Somaliland,SOL,Somaliland,,Solnd.,SL,Republic of Somaliland,,Somaliland,,3,6,5,2,5096159,13,2014,17836,2013,6. Developing region,4. Lower middle income,-99,-99,-99,SOM,Africa,Africa,Eastern Africa,Sub-Saharan Africa,Q34754,Somaliland,Somalilandia
Admin-0 country,0,2,France,FR1,1,2,Country,1,France,FRA,France,FRA,France,FRA,France,France,FRA,France,,Fr.,F,French Republic,France,France,,7,5,9,11,67059887,16,2019,2715518,2019,1. Developed region: G7,1. High income: OECD,-99,-99,-99,FRA,Europe,Europe,Western Europe,Europe & Central Asia,Q142,France,Francia
Admin-0 country,0,4,Suriname,SUR,0,2,Sovereign country,1,Suriname,SUR,Suriname,SUR,Suriname,SUR,Suriname,Suriname,SUR,Suriname,,Sur.,SR,Republic of Suriname,Suriname,Suriname,,1,4,7,6,581363,11,2019,3697,2019,6. Developing region,3. Upper middle income,SR,SUR,740,SUR,South America,Americas,South America,Latin America & Caribbean,Q730,Suriname,Surinam
Admin-0 country,0,4,Guyana,GUY,0,2,Sovereign country,1,Guyana,GUY,Guyana,GUY,Guyana,GUY,Guyana,Guyana,GUY,Guyana,,Guy.,GY,Co-operative Republic of Guyana,Guyana,Guyana,,3,1,4,8,782766,11,2019,5173,2019,6. Developing region,4. Lower middle income,GY,GUY,328,GUY,South America,Americas,South America,Latin America & Caribbean,Q734,Guyana,Guyana
Admin-0 country,0,2,South Korea,KOR,0,2,Sovereign country,1,South Korea,KOR,South Korea,KOR,South Korea,KOR,South Korea,Republic of Korea,KOR,Republic of Korea,,S.K.,KR,Republic of Korea,"Korea, South","Korea, Rep.",,4,1,1,5,51709098,16,2019,1646739,2019,4. Emerging region: MIKT,1. High income: OECD,KR,KOR,410,KOR,Asia,Asia,Eastern Asia,East Asia & Pacific,Q884,South Korea,Corea del Sur
Admin-0 country,0,3,North Korea,PRK,0,2,Sovereign country,1,North Korea,PRK,North Korea,PRK,North Korea,PRK,North Korea,Dem. Rep. Korea,PRK,Dem. Rep. Korea,,N.K.,KP,Democratic People's Republic of Korea,"Korea, North","Korea, Dem. Rep.",,3,5,3,9,25666161,15,2019,40000,2016,7. Least developed region,5. Low income,KP,PRK,408,PRK,Asia,Asia,Eastern Asia,East Asia & Pacific,Q423,North Korea,Corea del Norte
Admin-0 country,0,3,Morocco,MAR,0,2,Sovereign country,1,Morocco,MAR,Morocco,MAR,Morocco,MAR,Morocco,Morocco,MAR,Morocco,,Mor.,MA,Kingdom of Morocco,Morocco,Morocco,,2,2,3,9,36471769,15,2019,119700,2019,6. Developing region,4. Lower middle income,MA,MAR,504,MAR,Africa,Africa,Northern Africa,Middle East & North Africa,Q1028,Morocco,Marruecos
Admin-0 country,0,7,Western Sahara,SAH,0,2,Indeterminate,1,Western Sahara,SAH,Western Sahara,SAH,Western Sahara,SAH,W. Sahara,Western Sahara,B28,W. Sahara,,W. Sah.,WS,Sahrawi Arab Democratic Republic,Western Sahara,Western Sahara,,4,7,4,4,603253,11,2017,907,2007,7. Least developed region,5. Low income,EH,ESH,732,B28,Africa,Africa,Northern Africa,Middle East & North Africa,Q6250,Western Sahara,Sahara Occidental
Admin-0 country,0,5,Costa Rica,CRI,0,2,Sovereign country,1,Costa Rica,CRI,Costa Rica,CRI,Costa Rica,CRI,Costa Rica,Costa Rica,CRI,Costa Rica,,C.R.,CR,Republic of Costa Rica,Costa Rica,Costa Rica,,3,2,4,2,5047561,13,2019,61801,2019,5. Emerging region: G20,3. Upper middle income,CR,CRI,188,CRI,North America,Americas,Central America,Latin America & Caribbean,Q800,Costa Rica,Costa Rica
Admin-0 country,0,5,Nicaragua,NIC,0,2,Sovereign country,1,Nicaragua,NIC,Nicaragua,NIC,Nicaragua,NIC,Nicaragua,Nicaragua,NIC,Nicaragua,,Nic.,NI,Republic of Nicaragua,Nicaragua,Nicaragua,,1,4,1,9,6545502,13,2019,12520,2019,6. Developing region,4. Lower middle income,NI,NIC,558,NIC,North America,Americas,Central America,Latin America & Caribbean,Q811,Nicaragua,Nicaragua
Admin-0 country,0,4,Republic of the Congo,COG,0,2,Sovereign country,1,Republic of the Congo,COG,Republic of the Congo,COG,Republic of the Congo,COG,Congo,Republic of the Congo,COG,Republic of the Congo,,Rep. Congo,CG,Republic of the Congo,"Congo, Republic of the","Congo, Rep.",,2,1,3,10,5380508,13,2019,12267,2019,6. Developing region,4. Lower middle income,CG,COG,178,COG,Africa,Africa,Middle Africa,Sub-Saharan Africa,Q971,Republic of the Congo,República del Congo
Admin-0 country,0,2,Democratic Republic of the Congo,COD,0,2,Sovereign country,1,Democratic Republic of the Congo,COD,Democratic Republic of the Congo,COD,Democratic Republic of the Congo,COD,Dem. Rep. Congo,Democratic Republic of the Congo,COD,Democratic Republic of the Congo,,D.R.C.,DRC,Democratic Republic of the Congo,"Congo, Democratic Republic of the","Congo, Dem. Rep.",,4,4,4,7,86790567,16,2019,50400,2019,7. Least developed region,5. Low income,CD,COD,180,COD,Africa,Africa,Middle Africa,Sub-Saharan Africa,Q974,Democratic Republic of the Congo,República Democrática del Congo
Admin-0 country,0,5,Bhutan,BTN,0,2,Sovereign country,1,Bhutan,BTN,Bhutan,BTN,Bhutan,BTN,Bhutan,Bhutan,BTN,Bhutan,,Bhutan,BT,Kingdom of Bhutan,Bhutan,Bhutan,,5,6,1,8,763092,11,2019,2530,2019,7. Least developed region,4. Lower middle income,BT,BTN,64,BTN,Asia,Asia,Southern Asia,South Asia,Q917,Bhutan,Bután
Admin-0 country,0,3,Ukraine,UKR,0,2,Sovereign country,1,Ukraine,UKR,Ukraine,UKR,Ukraine,UKR,Ukraine,Ukraine,UKR,Ukraine,,Ukr.,UA,Ukraine,Ukraine,Ukraine,,5,1,6,3,44385155,15,2019,153781,2019,6. Developing region,4. Lower middle income,UA,UKR,804,UKR,Europe,Europe,Eastern Europe,Europe & Central Asia,Q212,Ukraine,Ucrania
Admin-0 country,0,4,Belarus,BLR,0,2,Sovereign country,1,Belarus,BLR,Belarus,BLR,Belarus,BLR,Belarus,Belarus,BLR,Belarus,,Bela.,BY,Republic of Belarus,Belarus,Belarus,,1,1,5,11,9466856,13,2019,63080,2019,6. Developing region,3. Upper middle income,BY,BLR,112,BLR,Europe,Europe,Eastern Europe,Europe & Central Asia,Q184,Belarus,Bielorrusia
Admin-0 country,0,3,Namibia,NAM,0,2,Sovereign country,1,Namibia,NAM,Namibia,NAM,Namibia,NAM,Namibia,Namibia,NAM,Namibia,,Nam.,NA,Republic of Namibia,Namibia,Namibia,,4,1,1,7,2494530,12,2019,12366,2019,6. Developing region,3. Upper middle income,NA,NAM,516,NAM,Africa,Africa,Southern Africa,Sub-Saharan Africa,Q1030,Namibia,Namibia
Admin-0 country,0,2,South Africa,ZAF,0,2,Sovereign country,1,South Africa,ZAF,South Africa,ZAF,South Africa,ZAF,South Africa,South Africa,ZAF,South Africa,,S.Af.,ZA,Republic of South Africa,South Africa,South Africa,,2,3,4,2,58558270,16,2019,351431,2019,5. Emerging region: G20,3. Upper middle income,ZA,ZAF,710,ZAF,Africa,Africa,Southern Africa,Sub-Saharan Africa,Q258,South Africa,Sudáfrica
Admin-0 country,3,6,France,FR1,1,2,Dependency,1,Saint Martin,MAF,Saint Martin,MAF,Saint Martin,MAF,St-Martin,Saint-Martin,MAF,Saint-Martin,,St. M.,MF,Saint-Martin (French part),Saint Martin,St. Martin (French part),,7,5,9,11,38002,7,2019,562,2016,6. Developing region,2. High income: nonOECD,MF,MAF,663,MAF,North America,Americas,Caribbean,Latin America & Caribbean,Q126125,Saint Martin,San Martín
Admin-0 country,3,6,Netherlands,NL1,1,2,Country,1,Sint Maarten,SXM,Sint Maarten,SXM,Sint Maarten,SXM,Sint Maarten,Sint Maarten,SXM,Sint Maarten,,St. M.,SX,Sint Maarten (Dutch part),Sint Maarten,St. Maarten (Dutch part),,4,2,2,9,40733,7,2019,1185,2018,6. Developing region,2. High income: nonOECD,SX,SXM,534,SXM,North America,Americas,Caribbean,Latin America & Caribbean,Q26273,Sint Maarten,San Martín
Admin-0 country,0,4,Oman,OMN,0,2,Sovereign country,1,Oman,OMN,Oman,OMN,Oman,OMN,Oman,Oman,OMN,Oman,,Oman,OM,Sultanate of Oman,Oman,Oman,,1,4,1,6,4974986,12,2019,76331,2019,6. Developing region,2. High income: nonOECD,OM,OMN,512,OMN,Asia,Asia,Western Asia,Middle East & North Africa,Q842,Oman,Omán
Admin-0 country,0,3,Uzbekistan,UZB,0,2,Sovereign country,1,Uzbekistan,UZB,Uzbekistan,UZB,Uzbekistan,UZB,Uzbekistan,Uzbekistan,UZB,Uzbekistan,,Uzb.,UZ,Republic of Uzbekistan,Uzbekistan,Uzbekistan,,2,3,5,4,33580650,15,2019,57921,2019,6. Developing region,4. Lower middle income,UZ,UZB,860,UZB,Asia,Asia,Central Asia,Europe & Central Asia,Q265,Uzbekistan,Uzbekistán
Admin-0 country,0,3,Kazakhstan,KA1,1,1,Sovereignty,1,Kazakhstan,KAZ,Kazakhstan,KAZ,Kazakhstan,KAZ,Kazakhstan,Kazakhstan,KAZ,Kazakhstan,,Kaz.,KZ,Republic of Kazakhstan,Kazakhstan,Kazakhstan,,6,1,6,1,18513930,14,2019,181665,2019,6. Developing region,3. Upper middle income,KZ,KAZ,398,KAZ,Asia,Asia,Central Asia,Europe & Central Asia,Q232,Kazakhstan,Kazajistán
Admin-0 country,0,4,Tajikistan,TJK,0,2,Sovereign country,1,Tajikistan,TJK,Tajikistan,TJK,Tajikistan,TJK,Tajikistan,Tajikistan,TJK,Tajikistan,,Tjk.,TJ,Republic of Tajikistan,Tajikistan,Tajikistan,,3,6,2,5,9321018,13,2019,8116,2019,6. Developing region,5. Low income,TJ,TJK,762,TJK,Asia,Asia,Central Asia,Europe & Central Asia,Q863,Tajikistan,Tayikistán
Admin-0 country,0,5,Lithuania,LTU,0,2,Sovereign country,1,Lithuania,LTU,Lithuania,LTU,Lithuania,LTU,Lithuania,Lithuania,LTU,Lithuania,,Lith.,LT,Republic of Lithuania,Lithuania,Lithuania,,6,3,3,9,2786844,12,2019,54627,2019,2. Developed region: nonG7,3. Upper middle income,LT,LTU,440,LTU,Europe,Europe,Northern Europe,Europe & Central Asia,Q37,Lithuania,Lituania
Admin-0 country,0,2,Brazil,BRA,0,2,Sovereign country,1,Brazil,BRA,Brazil,BRA,Brazil,BRA,Brazil,Brazil,BRA,Brazil,,Brazil,BR,Federative Republic of Brazil,Brazil,Brazil,,5,6,5,7,211049527,17,2019,1839758,2019,3. Emerging region: BRIC,3. Upper middle income,BR,BRA,76,BRA,South America,Americas,South America,Latin America & Caribbean,Q155,Brazil,Brasil
Admin-0 country,0,4,Uruguay,URY,0,2,Sovereign country,1,Uruguay,URY,Uruguay,URY,Uruguay,URY,Uruguay,Uruguay,URY,Uruguay,,Ury.,UY,Oriental Republic of Uruguay,Uruguay,Uruguay,,1,2,2,10,3461734,12,2019,56045,2019,5. Emerging region: G20,3. Upper middle income,UY,URY,858,URY,South America,Americas,South America,Latin America & Caribbean,Q77,Uruguay,Uruguay
Admin-0 country,0,3,Mongolia,MNG,0,2,Sovereign country,1,Mongolia,MNG,Mongolia,MNG,Mongolia,MNG,Mongolia,Mongolia,MNG,Mongolia,,Mong.,MN,Mongolia,Mongolia,Mongolia,,3,5,5,6,3225167,12,2019,13996,2019,6. Developing region,4. Lower middle income,MN,MNG,496,MNG,Asia,Asia,Eastern Asia,East Asia & Pacific,Q711,Mongolia,Mongolia
Admin-0 country,0,2,Russia,RUS,0,2,Sovereign country,1,Russia,RUS,Russia,RUS,Russia,RUS,Russia,Russian Federation,RUS,Russia,,Rus.,RUS,Russian Federation,Russia,Russian Federation,,2,5,7,7,144373535,17,2019,1699876,2019,3. Emerging region: BRIC,3. Upper middle income,RU,RUS,643,RUS,Europe,Europe,Eastern Europe,Europe & Central Asia,Q159,Russia,Rusia
Admin-0 country,0,5,Czechia,CZE,0,2,Sovereign country,1,Czechia,CZE,Czechia,CZE,Czechia,CZE,Czechia,Czech Republic,CZE,Czechia,,Cz.,CZ,Czech Republic,Czechia,Czechia,Česko,1,1,2,6,10669709,14,2019,250680,2019,2. Developed region: nonG7,1. High income: OECD,CZ,CZE,203,CZE,Europe,Europe,Eastern Europe,Europe & Central Asia,Q213,Czech Republic,República Checa
Admin-0 country,0,2,Germany,DEU,0,2,Sovereign country,1,Germany,DEU,Germany,DEU,Germany,DEU,Germany,Germany,DEU,Germany,,Ger.,D,Federal Republic of Germany,Germany,Germany,,2,5,5,1,83132799,16,2019,3861123,2019,1. Developed region: G7,1. High income: OECD,DE,DEU,276,DEU,Europe,Europe,Western Europe,Europe & Central Asia,Q183,Germany,Alemania
Admin-0 country,0,6,Estonia,EST,0,2,Sovereign country,1,Estonia,EST,Estonia,EST,Estonia,EST,Estonia,Estonia,EST,Estonia,,Est.,EST,Republic of Estonia,Estonia,Estonia,,3,2,1,10,1326590,12,2019,31471,2019,2. Developed region: nonG7,1. High income: OECD,EE,EST,233,EST,Europe,Europe,Northern Europe,Europe & Central Asia,Q191,Estonia,Estonia
Admin-0 country,0,5,Latvia,LVA,0,2,Sovereign country,1,Latvia,LVA,Latvia,LVA,Latvia,LVA,Latvia,Latvia,LVA,Latvia,,Lat.,LV,Republic of Latvia,Latvia,Latvia,,4,7,6,13,1912789,12,2019,34102,2019,2. Developed region: nonG7,3. Upper middle income,LV,LVA,428,LVA,Europe,Europe,Northern Europe,Europe & Central Asia,Q211,Latvia,Letonia
Admin-0 country,0,3,Norway,NOR,0,2,Sovereign country,,Norway,NOR,Norway,NOR,Norway,NOR,Norway,Norway,NOR,Norway,,Nor.,N,Kingdom of Norway,Norway,Norway,,5,3,8,12,5347896,13,2019,403336,2019,2. Developed region: nonG7,1. High income: OECD,-99,-99,-99,NOR,Europe,Europe,Northern Europe,Europe & Central Asia,Q20,Norway,Noruega
Admin-0 country,0,3,Sweden,SWE,0,2,Sovereign country,1,Sweden,SWE,Sweden,SWE,Sweden,SWE,Sweden,Sweden,SWE,Sweden,,Swe.,S,Kingdom of Sweden,Sweden,Sweden,,1,4,2,4,10285453,14,2019,530883,2019,2. Developed region: nonG7,1. High income: OECD,SE,SWE,752,SWE,Europe,Europe,Northern Europe,Europe & Central Asia,Q34,Sweden,Suecia
Admin-0 country,0,3,Finland,FI1,1,2,Country,1,Finland,FIN,Finland,FIN,Finland,FIN,Finland,Finland,FIN,Finland,,Fin.,FIN,Republic of Finland,Finland,Finland,,4,1,4,6,5520314,13,2019,269296,2019,2. Developed region: nonG7,1. High income: OECD,FI,FIN,246,FIN,Europe,Europe,Northern Europe,Europe & Central Asia,Q33,Finland,Finlandia
Admin-0 country,0,2,Vietnam,VNM,0,2,Sovereign country,1,Vietnam,VNM,Vietnam,VNM,Vietnam,VNM,Vietnam,Vietnam,VNM,Vietnam,,Viet.,VN,Socialist Republic of Vietnam,Vietnam,Vietnam,,5,6,5,4,96462106,16,2019,261921,2019,5. Emerging region: G20,4. Lower middle income,VN,VNM,704,VNM,Asia,Asia,South-Eastern Asia,East Asia & Pacific,Q881,Vietnam,Vietnam
Admin-0 country,0,3,Cambodia,KHM,0,2,Sovereign country,1,Cambodia,KHM,Cambodia,KHM,Cambodia,KHM,Cambodia,Cambodia,KHM,Cambodia,,Camb.,KH,Kingdom of Cambodia,Cambodia,Cambodia,,6,3,6,5,16486542,14,2019,27089,2019,7. Least developed region,5. Low income,KH,KHM,116,KHM,Asia,Asia,South-Eastern Asia,East Asia & Pacific,Q424,Cambodia,Camboya
Admin-0 country,0,6,Luxembourg,LUX,0,2,Sovereign country,1,Luxembourg,LUX,Luxembourg,LUX,Luxembourg,LUX,Luxembourg,Luxembourg,LUX,Luxembourg,,Lux.,L,Grand Duchy of Luxembourg,Luxembourg,Luxembourg,,1,7,3,7,619896,11,2019,71104,2019,2. Developed region: nonG7,1. High income: OECD,LU,LUX,442,LUX,Europe,Europe,Western Europe,Europe & Central Asia,Q32,Luxembourg,Luxemburgo
Admin-0 country,0,4,United Arab Emirates,ARE,0,2,Sovereign country,1,United Arab Emirates,ARE,United Arab Emirates,ARE,United Arab Emirates,ARE,United Arab Emirates,United Arab Emirates,ARE,United Arab Emirates,,U.A.E.,AE,United Arab Emirates,United Arab Emirates,United Arab Emirates,,2,1,3,3,9770529,13,2019,421142,2019,6. Developing region,2. High income: nonOECD,AE,ARE,784,ARE,Asia,Asia,Western Asia,Middle East & North Africa,Q878,United Arab Emirates,Emiratos Árabes Unidos
Admin-0 country,0,2,Belgium,BEL,0,2,Sovereign country,1,Belgium,BEL,Belgium,BEL,Belgium,BEL,Belgium,Belgium,BEL,Belgium,,Belg.,B,Kingdom of Belgium,Belgium,Belgium,,3,2,1,8,11484055,14,2019,533097,2019,2. Developed region: nonG7,1. High income: OECD,BE,BEL,56,BEL,Europe,Europe,Western Europe,Europe & Central Asia,Q31,Belgium,Bélgica
Admin-0 country,0,5,Georgia,GEO,0,2,Sovereign country,1,Georgia,GEO,Georgia,GEO,Georgia,GEO,Georgia,Georgia,GEO,Georgia,,Geo.,GE,Georgia,Georgia,Georgia,,5,1,3,2,3720382,12,2019,17477,2019,6. Developing region,4. Lower middle income,GE,GEO,268,GEO,Asia,Asia,Western Asia,Europe & Central Asia,Q230,Georgia,Georgia
Admin-0 country,0,6,North Macedonia,MKD,0,2,Sovereign country,1,North Macedonia,MKD,North Macedonia,MKD,North Macedonia,MKD,North Macedonia,North Macedonia,MKD,North Macedonia,,N. Mac.,NM,Republic of North Macedonia,North Macedonia,North Macedonia,,5,3,7,3,2083459,12,2019,12547,2019,6. Developing region,3. Upper middle income,MK,MKD,807,MKD,Europe,Europe,Southern Europe,Europe & Central Asia,Q221,North Macedonia,Macedonia del Norte
Admin-0 country,0,6,Albania,ALB,0,2,Sovereign country,1,Albania,ALB,Albania,ALB,Albania,ALB,Albania,Albania,ALB,Albania,,Alb.,AL,Republic of Albania,Albania,Albania,,1,4,1,6,2854191,12,2019,15279,2019,6. Developing region,4. Lower middle income,AL,ALB,8,ALB,Europe,Europe,Southern Europe,Europe & Central Asia,Q222,Albania,Albania
Admin-0 country,0,5,Azerbaijan,AZE,0,2,Sovereign country,1,Azerbaijan,AZE,Azerbaijan,AZE,Azerbaijan,AZE,Azerbaijan,Azerbaijan,AZE,Azerbaijan,,Aze.,AZ,Republic of Azerbaijan,Azerbaijan,Azerbaijan,,1,6,5,8,10023318,14,2019,48047,2019,6. Developing region,3. Upper middle income,AZ,AZE,31,AZE,Asia,Asia,Western Asia,Europe & Central Asia,Q227,Azerbaijan,Azerbaiyán
Admin-0 country,0,6,Kosovo,KOS,0,2,Disputed,1,Kosovo,KOS,Kosovo,KOS,Kosovo,KOS,Kosovo,Kosovo,KOS,Kosovo,,Kos.,KO,Republic of Kosovo,Kosovo,Kosovo,,2,2,3,11,1794248,12,2019,7926,2019,6. Developing region,4. Lower middle income,-99,-99,-99,SRB,Europe,Europe,Southern Europe,Europe & Central Asia,Q1246,Kosovo,Kosovo
Admin-0 country,0,2,Turkey,TUR,0,2,Sovereign country,1,Turkey,TUR,Turkey,TUR,Turkey,TUR,Turkey,Turkey,TUR,Turkey,,Tur.,TR,Republic of Turkey,Turkey,Turkey,,6,3,8,4,83429615,16,2019,761425,2019,4. Emerging region: MIKT,3. Upper middle income,TR,TUR,792,TUR,Asia,Asia,Western Asia,Europe & Central Asia,Q43,Turkey,Turquía
Admin-0 country,0,2,Spain,ESP,0,2,Sovereign country,1,Spain,ESP,Spain,ESP,Spain,ESP,Spain,Spain,ESP,Spain,,Sp.,E,Kingdom of Spain,Spain,Spain,,4,5,5,5,47076781,15,2019,1393490,2019,2. Developed region: nonG7,1. High income: OECD,ES,ESP,724,ESP,Europe,Europe,Southern Europe,Europe & Central Asia,Q29,Spain,España
Admin-0 country,0,4,Laos,LAO,0,2,Sovereign country,1,Laos,LAO,Laos,LAO,Laos,LAO,Laos,Lao PDR,LAO,Laos,,Laos,LA,Lao People's Democratic Republic,Laos,Lao PDR,,1,1,1,9,7169455,13,2019,18173,2019,7. Least developed region,4. Lower middle income,LA,LAO,418,LAO,Asia,Asia,South-Eastern Asia,East Asia & Pacific,Q819,Laos,Laos
Admin-0 country,0,4,Kyrgyzstan,KGZ,0,2,Sovereign country,1,Kyrgyzstan,KGZ,Kyrgyzstan,KGZ,Kyrgyzstan,KGZ,Kyrgyzstan,Kyrgyzstan,KGZ,Kyrgyzstan,,Kgz.,KG,Kyrgyz Republic,Kyrgyzstan,Kyrgyz Republic,,5,7,7,6,6456900,13,2019,8454,2019,6. Developing region,5. Low income,KG,KGZ,417,KGZ,Asia,Asia,Central Asia,Europe & Central Asia,Q813,Kyrgyzstan,Kirguistán
Admin-0 country,0,6,Armenia,ARM,0,2,Sovereign country,1,Armenia,ARM,Armenia,ARM,Armenia,ARM,Armenia,Armenia,ARM,Armenia,,Arm.,ARM,Republic of Armenia,Armenia,Armenia,,3,1,2,10,2957731,12,2019,13672,2019,6. Developing region,4. Lower middle income,AM,ARM,51,ARM,Asia,Asia,Western Asia,Europe & Central Asia,Q399,Armenia,Armenia
Admin-0 country,0,4,Denmark,DN1,1,2,Country,1,Denmark,DNK,Denmark,DNK,Denmark,DNK,Denmark,Denmark,DNK,Denmark,,Den.,DK,Kingdom of Denmark,Denmark,Denmark,,4,1,3,12,5818553,13,2019,350104,2019,2. Developed region: nonG7,1. High income: OECD,DK,DNK,208,DNK,Europe,Europe,Northern Europe,Europe & Central Asia,Q35,Denmark,Dinamarca
Admin-0 country,0,3,Libya,LBY,0,2,Sovereign country,1,Libya,LBY,Libya,LBY,Libya,LBY,Libya,Libya,LBY,Libya,,Libya,LY,Libya,Libya,Libya,,1,2,2,11,6777452,13,2019,52091,2019,6. Developing region,3. Upper middle income,LY,LBY,434,LBY,Africa,Africa,Northern Africa,Middle East & North Africa,Q1016,Libya,Libia
Admin-0 country,0,3,Tunisia,TUN,0,2,Sovereign country,1,Tunisia,TUN,Tunisia,TUN,Tunisia,TUN,Tunisia,Tunisia,TUN,Tunisia,,Tun.,TN,Republic of Tunisia,Tunisia,Tunisia,,4,3,3,2,11694719,14,2019,38796,2019,6. Developing region,3. Upper middle income,TN,TUN,788,TUN,Africa,Africa,Northern Africa,Middle East & North Africa,Q948,Tunisia,Túnez
Admin-0 country,0,3,Romania,ROU,0,2,Sovereign country,1,Romania,ROU,Romania,ROU,Romania,ROU,Romania,Romania,ROU,Romania,,Rom.,RO,Romania,Romania,Romania,,1,4,3,13,19356544,14,2019,250077,2019,2. Developed region: nonG7,3. Upper middle income,RO,ROU,642,ROU,Europe,Europe,Eastern Europe,Europe & Central Asia,Q218,Romania,Rumania
Admin-0 country,0,5,Hungary,HUN,0,2,Sovereign country,1,Hungary,HUN,Hungary,HUN,Hungary,HUN,Hungary,Hungary,HUN,Hungary,,Hun.,HU,Republic of Hungary,Hungary,Hungary,,4,6,1,5,9769949,13,2019,163469,2019,2. Developed region: nonG7,1. High income: OECD,HU,HUN,348,HUN,Europe,Europe,Eastern Europe,Europe & Central Asia,Q28,Hungary,Hungría
Admin-0 country,0,6,Slovakia,SVK,0,2,Sovereign country,1,Slovakia,SVK,Slovakia,SVK,Slovakia,SVK,Slovakia,Slovakia,SVK,Slovakia,,Svk.,SK,Slovak Republic,Slovakia,Slovak Republic,,2,4,4,9,5454073,13,2019,105079,2019,2. Developed region: nonG7,1. High income: OECD,SK,SVK,703,SVK,Europe,Europe,Eastern Europe,Europe & Central Asia,Q214,Slovakia,Eslovaquia
Admin-0 country,0,3,Poland,POL,0,2,Sovereign country,1,Poland,POL,Poland,POL,Poland,POL,Poland,Poland,POL,Poland,,Pol.,PL,Republic of Poland,Poland,Poland,,3,7,1,2,37970874,15,2019,595858,2019,2. Developed region: nonG7,1. High income: OECD,PL,POL,616,POL,Europe,Europe,Eastern Europe,Europe & Central Asia,Q36,Poland,Polonia
Admin-0 country,0,3,Ireland,IRL,0,2,Sovereign country,1,Ireland,IRL,Ireland,IRL,Ireland,IRL,Ireland,Ireland,IRL,Ireland,,Ire.,IRL,Ireland,Ireland,Ireland,,2,3,2,2,4941444,12,2019,388698,2019,2. Developed region: nonG7,1. High income: OECD,IE,IRL,372,IRL,Europe,Europe,Northern Europe,Europe & Central Asia,Q27,Ireland,Irlanda
Admin-0 country,0,2,United Kingdom,GB1,1,2,Country,1,United Kingdom,GBR,United Kingdom,GBR,United Kingdom,GBR,United Kingdom,United Kingdom,GBR,United Kingdom,,U.K.,GB,United Kingdom of Great Britain and Northern Ireland,United Kingdom,United Kingdom,,6,6,6,3,66834405,16,2019,2829108,2019,1. Developed region: G7,1. High income: OECD,GB,GBR,826,GBR,Europe,Europe,Northern Europe,Europe & Central Asia,Q145,United Kingdom,Reino Unido
Admin-0 country,0,3,Greece,GRC,0,2,Sovereign country,1,Greece,GRC,Greece,GRC,Greece,GRC,Greece,Greece,GRC,Greece,,Greece,GR,Hellenic Republic,Greece,Greece,,2,2,2,9,10716322,14,2019,209852,2019,2. Developed region: nonG7,1. High income: OECD,GR,GRC,300,GRC,Europe,Europe,Southern Europe,Europe & Central Asia,Q41,Greece,Grecia
Admin-0 country,0,3,Zambia,ZMB,0,2,Sovereign country,1,Zambia,ZMB,Zambia,ZMB,Zambia,ZMB,Zambia,Zambia,ZMB,Zambia,,Zambia,ZM,Republic of Zambia,Zambia,Zambia,,5,8,5,13,17861030,14,2019,23309,2019,7. Least developed region,4. Lower middle income,ZM,ZMB,894,ZMB,Africa,Africa,Eastern Africa,Sub-Saharan Africa,Q953,Zambia,Zambia
Admin-0 country,0,4,Sierra Leone,SLE,0,2,Sovereign country,1,Sierra Leone,SLE,Sierra Leone,SLE,Sierra Leone,SLE,Sierra Leone,Sierra Leone,SLE,Sierra Leone,,S.L.,SL,Republic of Sierra Leone,Sierra Leone,Sierra Leone,,1,4,1,7,7813215,13,2019,4121,2019,7. Least developed region,5. Low income,SL,SLE,694,SLE,Africa,Africa,Western Africa,Sub-Saharan Africa,Q1044,Sierra Leone,Sierra Leona
Admin-0 country,0,3,Guinea,GIN,0,2,Sovereign country,1,Guinea,GIN,Guinea,GIN,Guinea,GIN,Guinea,Guinea,GIN,Guinea,,Gin.,GN,Republic of Guinea,Guinea,Guinea,,6,3,7,2,12771246,14,2019,12296,2019,7. Least developed region,5. Low income,GN,GIN,324,GIN,Africa,Africa,Western Africa,Sub-Saharan Africa,Q1006,Guinea,Guinea
Admin-0 country,0,4,Liberia,LBR,0,2,Sovereign country,1,Liberia,LBR,Liberia,LBR,Liberia,LBR,Liberia,Liberia,LBR,Liberia,,Liberia,LR,Republic of Liberia,Liberia,Liberia,,2,3,4,9,4937374,12,2019,3070,2019,7. Least developed region,5. Low income,LR,LBR,430,LBR,Africa,Africa,Western Africa,Sub-Saharan Africa,Q1014,Liberia,Liberia
Admin-0 country,0,4,Central African Republic,CAF,0,2,Sovereign country,1,Central African Republic,CAF,Central African Republic,CAF,Central African Republic,CAF,Central African Rep.,Central African Republic,CAF,Central African Rep.,,C.A.R.,CF,Central African Republic,Central African Republic,Central African Republic,,5,6,6,9,4745185,12,2019,2220,2019,7. Least developed region,5. Low income,CF,CAF,140,CAF,Africa,Africa,Middle Africa,Sub-Saharan Africa,Q929,Central African Republic,República Centroafricana
Admin-0 country,0,3,Sudan,SDN,0,2,Sovereign country,1,Sudan,SDN,Sudan,SDN,Sudan,SDN,Sudan,Sudan,SDN,Sudan,,Sudan,SD,Republic of the Sudan,Sudan,Sudan,,2,6,4,1,42813238,15,2019,30513,2019,6. Developing region,4. Lower middle income,SD,SDN,729,SDZ,Africa,Africa,Northern Africa,Sub-Saharan Africa,Q1049,Sudan,Sudán
Admin-0 country,0,5,Djibouti,DJI,0,2,Sovereign country,1,Djibouti,DJI,Djibouti,DJI,Djibouti,DJI,Djibouti,Djibouti,DJI,Djibouti,,Dji.,DJ,Republic of Djibouti,Djibouti,Djibouti,,1,2,4,8,973560,11,2019,3324,2019,7. Least developed region,4. Lower middle income,DJ,DJI,262,DJI,Africa,Africa,Eastern Africa,Middle East & North Africa,Q977,Djibouti,Yibuti
Admin-0 country,0,4,Eritrea,ERI,0,2,Sovereign country,1,Eritrea,ERI,Eritrea,ERI,Eritrea,ERI,Eritrea,Eritrea,ERI,Eritrea,,Erit.,ER,State of Eritrea,Eritrea,Eritrea,,3,1,2,12,6081196,13,2020,2065,2011,7. Least developed region,5. Low income,ER,ERI,232,ERI,Africa,Africa,Eastern Africa,Sub-Saharan Africa,Q986,Eritrea,Eritrea
Admin-0 country,0,4,Austria,AUT,0,2,Sovereign country,1,Austria,AUT,Austria,AUT,Austria,AUT,Austria,Austria,AUT,Austria,,Aust.,A,Republic of Austria,Austria,Austria,,3,1,3,4,8877067,13,2019,445075,2019,2. Developed region: nonG7,1. High income: OECD,AT,AUT,40,AUT,Europe,Europe,Western Europe,Europe & Central Asia,Q40,Austria,Austria
Admin-0 country,0,3,Iraq,IRQ,0,2,Sovereign country,1,Iraq,IRQ,Iraq,IRQ,Iraq,IRQ,Iraq,Iraq,IRQ,Iraq,,Iraq,IRQ,Republic of Iraq,Iraq,Iraq,,1,4,3,1,39309783,15,2019,234094,2019,6. Developing region,4. Lower middle income,IQ,IRQ,368,IRQ,Asia,Asia,Western Asia,Middle East & North Africa,Q796,Iraq,Irak
Admin-0 country,0,2,Italy,ITA,0,2,Sovereign country,1,Italy,ITA,Italy,ITA,Italy,ITA,Italy,Italy,ITA,Italy,,Italy,I,Italian Republic,Italy,Italy,,6,7,8,7,60297396,16,2019,2003576,2019,1. Developed region: G7,1. High income: OECD,IT,ITA,380,ITA,Europe,Europe,Southern Europe,Europe & Central Asia,Q38,Italy,Italia
Admin-0 country,0,4,Switzerland,CHE,0,2,Sovereign country,1,Switzerland,CHE,Switzerland,CHE,Switzerland,CHE,Switzerland,Switzerland,CHE,Switzerland,,Switz.,CH,Swiss Confederation,Switzerland,Switzerland,,5,2,7,3,8574832,13,2019,703082,2019,2. Developed region: nonG7,1. High income: OECD,CH,CHE,756,CHE,Europe,Europe,Western Europe,Europe & Central Asia,Q39,Switzerland,Suiza
Admin-0 country,0,2,Iran,IRN,0,2,Sovereign country,1,Iran,IRN,Iran,IRN,Iran,IRN,Iran,Iran,IRN,Iran,,Iran,IRN,Islamic Republic of Iran,Iran,"Iran, Islamic Rep.",,4,3,4,13,82913906,16,2019,453996,2018,5. Emerging region: G20,3. Upper middle income,IR,IRN,364,IRN,Asia,Asia,Southern Asia,Middle East & North Africa,Q794,Iran,Irán
Admin-0 country,0,5,Netherlands,NL1,1,2,Country,1,Netherlands,NLD,Netherlands,NLD,Netherlands,NLD,Netherlands,Netherlands,NLD,Netherlands,,Neth.,NL,Kingdom of the Netherlands,Netherlands,Netherlands,,4,2,2,9,17332850,14,2019,907050,2019,2. Developed region: nonG7,1. High income: OECD,NL,NLD,528,NLD,Europe,Europe,Western Europe,Europe & Central Asia,Q55,Netherlands,Países Bajos
Admin-0 country,0,6,Liechtenstein,LIE,0,2,Sovereign country,1,Liechtenstein,LIE,Liechtenstein,LIE,Liechtenstein,LIE,Liechtenstein,Liechtenstein,LIE,Liechtenstein,,Liech.,FL,Principality of Liechtenstein,Liechtenstein,Liechtenstein,,2,4,2,9,38019,7,2019,6876,2018,2. Developed region: nonG7,2. High income: nonOECD,LI,LIE,438,LIE,Europe,Europe,Western Europe,Europe & Central Asia,Q347,Liechtenstein,Liechtenstein
Admin-0 country,0,3,Ivory Coast,CIV,0,2,Sovereign country,1,Ivory Coast,CIV,Ivory Coast,CIV,Ivory Coast,CIV,Côte d'Ivoire,Côte d'Ivoire,CIV,Côte d'Ivoire,,I.C.,CI,Republic of Ivory Coast,Cote D'ivoire,Côte d'Ivoire,,4,6,3,3,25716544,15,2019,58539,2019,6. Developing region,4. Lower middle income,CI,CIV,384,CIV,Africa,Africa,Western Africa,Sub-Saharan Africa,Q1008,Ivory Coast,Costa de Marfil
Admin-0 country,0,5,Republic of Serbia,SRB,0,2,Sovereign country,1,Republic of Serbia,SRB,Republic of Serbia,SRB,Republic of Serbia,SRB,Serbia,Serbia,SRB,Serbia,,Serb.,RS,Republic of Serbia,Serbia,Serbia,,3,3,2,10,6944975,13,2019,51475,2019,6. Developing region,3. Upper middle income,RS,SRB,688,SRB,Europe,Europe,Southern Europe,Europe & Central Asia,Q403,Serbia,Serbia
Admin-0 country,0,3,Mali,MLI,0,2,Sovereign country,1,Mali,MLI,Mali,MLI,Mali,MLI,Mali,Mali,MLI,Mali,,Mali,ML,Republic of Mali,Mali,Mali,,1,4,1,7,19658031,14,2019,17279,2019,7. Least developed region,5. Low income,ML,MLI,466,MLI,Africa,Africa,Western Africa,Sub-Saharan Africa,Q912,Mali,Malí
Admin-0 country,0,3,Senegal,SEN,0,2,Sovereign country,1,Senegal,SEN,Senegal,SEN,Senegal,SEN,Senegal,Senegal,SEN,Senegal,,Sen.,SN,Republic of Senegal,Senegal,Senegal,,2,6,5,5,16296364,14,2019,23578,2019,7. Least developed region,4. Lower middle income,SN,SEN,686,SEN,Africa,Africa,Western Africa,Sub-Saharan Africa,Q1041,Senegal,Senegal
Admin-0 country,0,2,Nigeria,NGA,0,2,Sovereign country,1,Nigeria,NGA,Nigeria,NGA,Nigeria,NGA,Nigeria,Nigeria,NGA,Nigeria,,Nigeria,NG,Federal Republic of Nigeria,Nigeria,Nigeria,,3,2,5,2,200963599,17,2019,448120,2019,5. Emerging region: G20,4. Lower middle income,NG,NGA,566,NGA,Africa,Africa,Western Africa,Sub-Saharan Africa,Q1033,Nigeria,Nigeria
Admin-0 country,0,5,Benin,BEN,0,2,Sovereign country,1,Benin,BEN,Benin,BEN,Benin,BEN,Benin,Benin,BEN,Benin,,Benin,BJ,Republic of Benin,Benin,Benin,,1,2,2,12,11801151,14,2019,14390,2019,7. Least developed region,5. Low income,BJ,BEN,204,BEN,Africa,Africa,Western Africa,Sub-Saharan Africa,Q962,Benin,Benín
Admin-0 country,0,3,Angola,AGO,0,2,Sovereign country,1,Angola,AGO,Angola,AGO,Angola,AGO,Angola,Angola,AGO,Angola,,Ang.,AO,People's Republic of Angola,Angola,Angola,,3,2,6,1,31825295,15,2019,88815,2019,7. Least developed region,3. Upper middle income,AO,AGO,24,AGO,Africa,Africa,Middle Africa,Sub-Saharan Africa,Q916,Angola,Angola
Admin-0 country,0,6,Croatia,HRV,0,2,Sovereign country,1,Croatia,HRV,Croatia,HRV,Croatia,HRV,Croatia,Croatia,HRV,Croatia,,Cro.,HR,Republic of Croatia,Croatia,Croatia,,5,4,5,1,4067500,12,2019,60752,2019,2. Developed region: nonG7,2. High income: nonOECD,HR,HRV,191,HRV,Europe,Europe,Southern Europe,Europe & Central Asia,Q224,Croatia,Croacia
Admin-0 country,0,6,Slovenia,SVN,0,2,Sovereign country,1,Slovenia,SVN,Slovenia,SVN,Slovenia,SVN,Slovenia,Slovenia,SVN,Slovenia,,Slo.,SLO,Republic of Slovenia,Slovenia,Slovenia,,2,3,2,12,2087946,12,2019,54174,2019,2. Developed region: nonG7,1. High income: OECD,SI,SVN,705,SVN,Europe,Europe,Southern Europe,Europe & Central Asia,Q215,Slovenia,Eslovenia
Admin-0 country,0,5,Qatar,QAT,0,2,Sovereign country,1,Qatar,QAT,Qatar,QAT,Qatar,QAT,Qatar,Qatar,QAT,Qatar,,Qatar,QA,State of Qatar,Qatar,Qatar,,3,6,2,4,2832067,12,2019,175837,2019,6. Developing region,2. High income: nonOECD,QA,QAT,634,QAT,Asia,Asia,Western Asia,Middle East & North Africa,Q846,Qatar,Catar
Admin-0 country,0,2,Saudi Arabia,SAU,0,2,Sovereign country,1,Saudi Arabia,SAU,Saudi Arabia,SAU,Saudi Arabia,SAU,Saudi Arabia,Saudi Arabia,SAU,Saudi Arabia,,Saud.,SA,Kingdom of Saudi Arabia,Saudi Arabia,Saudi Arabia,,6,1,6,7,34268528,15,2019,792966,2019,2. Developed region: nonG7,2. High income: nonOECD,SA,SAU,682,SAU,Asia,Asia,Western Asia,Middle East & North Africa,Q851,Saudi Arabia,Arabia Saudita
Admin-0 country,0,4,Botswana,BWA,0,2,Sovereign country,1,Botswana,BWA,Botswana,BWA,Botswana,BWA,Botswana,Botswana,BWA,Botswana,,Bwa.,BW,Republic of Botswana,Botswana,Botswana,,6,5,7,3,2303697,12,2019,18340,2019,6. Developing region,3. Upper middle income,BW,BWA,72,BWA,Africa,Africa,Southern Africa,Sub-Saharan Africa,Q963,Botswana,Botsuana
Admin-0 country,0,3,Zimbabwe,ZWE,0,2,Sovereign country,1,Zimbabwe,ZWE,Zimbabwe,ZWE,Zimbabwe,ZWE,Zimbabwe,Zimbabwe,ZWE,Zimbabwe,,Zimb.,ZW,Republic of Zimbabwe,Zimbabwe,Zimbabwe,,1,5,3,9,14645468,14,2019,21440,2019,5. Emerging region: G20,5. Low income,ZW,ZWE,716,ZWE,Africa,Africa,Eastern Africa,Sub-Saharan Africa,Q954,Zimbabwe,Zimbabue
Admin-0 country,0,2,Pakistan,PAK,0,2,Sovereign country,1,Pakistan,PAK,Pakistan,PAK,Pakistan,PAK,Pakistan,Pakistan,PAK,Pakistan,,Pak.,PK,Islamic Republic of Pakistan,Pakistan,Pakistan,,2,2,3,11,216565318,17,2019,278221,2019,5. Emerging region: G20,4. Lower middle income,PK,PAK,586,PAK,Asia,Asia,Southern Asia,South Asia,Q843,Pakistan,Pakistán
Admin-0 country,0,4,Bulgaria,BGR,0,2,Sovereign country,1,Bulgaria,BGR,Bulgaria,BGR,Bulgaria,BGR,Bulgaria,Bulgaria,BGR,Bulgaria,,Bulg.,BG,Republic of Bulgaria,Bulgaria,Bulgaria,,4,5,1,8,6975761,13,2019,68558,2019,2. Developed region: nonG7,3. Upper middle income,BG,BGR,100,BGR,Europe,Europe,Eastern Europe,Europe & Central Asia,Q219,Bulgaria,Bulgaria
Admin-0 country,0,3,Thailand,THA,0,2,Sovereign country,1,Thailand,THA,Thailand,THA,Thailand,THA,Thailand,Thailand,THA,Thailand,,Thai.,TH,Kingdom of Thailand,Thailand,Thailand,,3,6,8,1,69625582,16,2019,543548,2019,5. Emerging region: G20,3. Upper middle income,TH,THA,764,THA,Asia,Asia,South-Eastern Asia,East Asia & Pacific,Q869,Thailand,Tailandia
Admin-0 country,0,6,San Marino,SMR,0,2,Sovereign country,1,San Marino,SMR,San Marino,SMR,San Marino,SMR,San Marino,San Marino,SMR,San Marino,,S.M.,RSM,Republic of San Marino,San Marino,San Marino,,2,3,1,6,33860,7,2019,1655,2018,2. Developed region: nonG7,2. High income: nonOECD,SM,SMR,674,SMR,Europe,Europe,Southern Europe,Europe & Central Asia,Q238,San Marino,San Marino
Admin-0 country,0,5,Haiti,HTI,0,2,Sovereign country,1,Haiti,HTI,Haiti,HTI,Haiti,HTI,Haiti,Haiti,HTI,Haiti,,Haiti,HT,Republic of Haiti,Haiti,Haiti,,2,1,7,2,11263077,14,2019,14332,2019,7. Least developed region,5. Low income,HT,HTI,332,HTI,North America,Americas,Caribbean,Latin America & Caribbean,Q790,Haiti,Haití
Admin-0 country,0,5,Dominican Republic,DOM,0,2,Sovereign country,1,Dominican Republic,DOM,Dominican Republic,DOM,Dominican Republic,DOM,Dominican Rep.,Dominican Republic,DOM,Dominican Rep.,,Dom. Rep.,DO,Dominican Republic,Dominican Republic,Dominican Republic,,5,2,5,7,10738958,14,2019,88941,2019,6. Developing region,3. Upper middle income,DO,DOM,214,DOM,North America,Americas,Caribbean,Latin America & Caribbean,Q786,Dominican Republic,República Dominicana
Admin-0 country,0,3,Chad,TCD,0,2,Sovereign country,1,Chad,TCD,Chad,TCD,Chad,TCD,Chad,Chad,TCD,Chad,,Chad,TD,Republic of Chad,Chad,Chad,,6,1,8,6,15946876,14,2019,11314,2019,7. Least developed region,5. Low income,TD,TCD,148,TCD,Africa,Africa,Middle Africa,Sub-Saharan Africa,Q657,Chad,Chad
Admin-0 country,0,6,Kuwait,KWT,0,2,Sovereign country,1,Kuwait,KWT,Kuwait,KWT,Kuwait,KWT,Kuwait,Kuwait,KWT,Kuwait,,Kwt.,KW,State of Kuwait,Kuwait,Kuwait,,2,2,2,2,4207083,12,2019,134628,2019,6. Developing region,2. High income: nonOECD,KW,KWT,414,KWT,Asia,Asia,Western Asia,Middle East & North Africa,Q817,Kuwait,Kuwait
Admin-0 country,0,6,El Salvador,SLV,0,2,Sovereign country,1,El Salvador,SLV,El Salvador,SLV,El Salvador,SLV,El Salvador,El Salvador,SLV,El Salvador,,El. S.,SV,Republic of El Salvador,El Salvador,El Salvador,,1,4,6,8,6453553,13,2019,27022,2019,6. Developing region,4. Lower middle income,SV,SLV,222,SLV,North America,Americas,Central America,Latin America & Caribbean,Q792,El Salvador,El Salvador
Admin-0 country,0,3,Guatemala,GTM,0,2,Sovereign country,1,Guatemala,GTM,Guatemala,GTM,Guatemala,GTM,Guatemala,Guatemala,GTM,Guatemala,,Guat.,GT,Republic of Guatemala,Guatemala,Guatemala,,3,3,3,6,16604026,14,2019,76710,2019,6. Developing region,4. Lower middle income,GT,GTM,320,GTM,North America,Americas,Central America,Latin America & Caribbean,Q774,Guatemala,Guatemala
Admin-0 country,1,5,East Timor,TLS,0,2,Sovereign country,1,East Timor,TLS,East Timor,TLS,East Timor,TLS,Timor-Leste,Timor-Leste,TLS,Timor-Leste,,T.L.,TL,Democratic Republic of Timor-Leste,Timor-Leste,Timor-Leste,East Timor,2,2,4,3,1293119,12,2019,2017,2019,7. Least developed region,4. Lower middle income,TL,TLS,626,TLS,Asia,Asia,South-Eastern Asia,East Asia & Pacific,Q574,East Timor,Timor Oriental
Admin-0 country,0,6,Brunei,BRN,0,2,Sovereign country,1,Brunei,BRN,Brunei,BRN,Brunei,BRN,Brunei,Brunei Darussalam,BRN,Brunei,,Brunei,BN,Negara Brunei Darussalam,Brunei,Brunei,,4,6,6,12,433285,10,2019,13469,2019,6. Developing region,2. High income: nonOECD,BN,BRN,96,BRN,Asia,Asia,South-Eastern Asia,East Asia & Pacific,Q921,Brunei,Brunéi
Admin-0 country,0,6,Monaco,MCO,0,2,Sovereign country,1,Monaco,MCO,Monaco,MCO,Monaco,MCO,Monaco,Monaco,MCO,Monaco,,Mco.,MC,Principality of Monaco,Monaco,Monaco,,1,1,2,12,38964,7,2019,7188,2018,2. Developed region: nonG7,2. High income: nonOECD,MC,MCO,492,MCO,Europe,Europe,Western Europe,Europe & Central Asia,Q235,Monaco,Mónaco
Admin-0 country,0,3,Algeria,DZA,0,2,Sovereign country,1,Algeria,DZA,Algeria,DZA,Algeria,DZA,Algeria,Algeria,DZA,Algeria,,Alg.,DZ,People's Democratic Republic of Algeria,Algeria,Algeria,,5,1,6,3,43053054,15,2019,171091,2019,6. Developing region,3. Upper middle income,DZ,DZA,12,DZA,Africa,Africa,Northern Africa,Middle East & North Africa,Q262,Algeria,Argelia
Admin-0 country,0,3,Mozambique,MOZ,0,2,Sovereign country,1,Mozambique,MOZ,Mozambique,MOZ,Mozambique,MOZ,Mozambique,Mozambique,MOZ,Mozambique,,Moz.,MZ,Republic of Mozambique,Mozambique,Mozambique,,4,2,1,4,30366036,15,2019,15291,2019,7. Least developed region,5. Low income,MZ,MOZ,508,MOZ,Africa,Africa,Eastern Africa,Sub-Saharan Africa,Q1029,Mozambique,Mozambique
Admin-0 country,0,4,eSwatini,SWZ,0,2,Sovereign country,1,eSwatini,SWZ,eSwatini,SWZ,eSwatini,SWZ,eSwatini,Kingdom of eSwatini,SWZ,eSwatini,,eSw.,ES,Kingdom of eSwatini,eSwatini,eSwatini,Swaziland,3,6,2,5,1148130,12,2019,4471,2019,6. Developing region,4. Lower middle income,SZ,SWZ,748,SWZ,Africa,Africa,Southern Africa,Sub-Saharan Africa,Q1050,Eswatini,Suazilandia
Admin-0 country,0,6,Burundi,BDI,0,2,Sovereign country,1,Burundi,BDI,Burundi,BDI,Burundi,BDI,Burundi,Burundi,BDI,Burundi,,Bur.,BI,Republic of Burundi,Burundi,Burundi,,2,2,5,8,11530580,14,2019,3012,2019,7. Least developed region,5. Low income,BI,BDI,108,BDI,Africa,Africa,Eastern Africa,Sub-Saharan Africa,Q967,Burundi,Burundi
Admin-0 country,0,3,Rwanda,RWA,0,2,Sovereign country,1,Rwanda,RWA,Rwanda,RWA,Rwanda,RWA,Rwanda,Rwanda,RWA,Rwanda,,Rwa.,RW,Republic of Rwanda,Rwanda,Rwanda,,5,2,3,10,12626950,14,2019,10354,2019,7. Least developed region,5. Low income,RW,RWA,646,RWA,Africa,Africa,Eastern Africa,Sub-Saharan Africa,Q1037,Rwanda,Ruanda
Admin-0 country,0,3,Myanmar,MMR,0,2,Sovereign country,1,Myanmar,MMR,Myanmar,MMR,Myanmar,MMR,Myanmar,Myanmar,MMR,Myanmar,,Myan.,MM,Republic of the Union of Myanmar,Burma,Myanmar,,2,2,5,13,54045420,16,2019,76085,2019,7. Least developed region,5. Low income,MM,MMR,104,MMR,Asia,Asia,South-Eastern Asia,East Asia & Pacific,Q836,Myanmar,Birmania
Admin-0 country,0,3,Bangladesh,BGD,0,2,Sovereign country,1,Bangladesh,BGD,Bangladesh,BGD,Bangladesh,BGD,Bangladesh,Bangladesh,BGD,Bangladesh,,Bang.,BD,People's Republic of Bangladesh,Bangladesh,Bangladesh,,3,4,7,7,163046161,17,2019,302571,2019,7. Least developed region,5. Low income,BD,BGD,50,BGD,Asia,Asia,Southern Asia,South Asia,Q902,Bangladesh,Bangladés
Admin-0 country,0,6,Andorra,AND,0,2,Sovereign country,1,Andorra,AND,Andorra,AND,Andorra,AND,Andorra,Andorra,AND,Andorra,,And.,AND,Principality of Andorra,Andorra,Andorra,,1,4,1,8,77142,8,2019,3154,2019,2. Developed region: nonG7,2. High income: nonOECD,AD,AND,20,AND,Europe,Europe,Southern Europe,Europe & Central Asia,Q228,Andorra,Andorra
Admin-0 country,0,3,Afghanistan,AFG,0,2,Sovereign country,1,Afghanistan,AFG,Afghanistan,AFG,Afghanistan,AFG,Afghanistan,Afghanistan,AFG,Afghanistan,,Afg.,AF,Islamic State of Afghanistan,Afghanistan,Afghanistan,,5,6,8,7,38041754,15,2019,19291,2019,7. Least developed region,5. Low income,AF,AFG,4,AFG,Asia,Asia,Southern Asia,South Asia,Q889,Afghanistan,Afganistán
Admin-0 country,0,6,Montenegro,MNE,0,2,Sovereign country,1,Montenegro,MNE,Montenegro,MNE,Montenegro,MNE,Montenegro,Montenegro,MNE,Montenegro,,Mont.,ME,Montenegro,Montenegro,Montenegro,,4,1,4,5,622137,11,2019,5542,2019,6. Developing region,3. Upper middle income,ME,MNE,499,MNE,Europe,Europe,Southern Europe,Europe & Central Asia,Q236,Montenegro,Montenegro
Admin-0 country,0,5,Bosnia and Herzegovina,BIH,0,2,Sovereign country,1,Bosnia and Herzegovina,BIH,Bosnia and Herzegovina,BIH,Bosnia and Herzegovina,BIH,Bosnia and Herz.,Bosnia and Herzegovina,BIH,Bosnia and Herz.,,B.H.,BiH,Bosnia and Herzegovina,Bosnia and Herzegovina,Bosnia and Herzegovina,,1,1,1,2,3301000,12,2019,20164,2019,6. Developing region,3. Upper middle income,BA,BIH,70,BIH,Europe,Europe,Southern Europe,Europe & Central Asia,Q225,Bosnia and Herzegovina,Bosnia y Herzegovina
Admin-0 country,0,3,Uganda,UGA,0,2,Sovereign country,1,Uganda,UGA,Uganda,UGA,Uganda,UGA,Uganda,Uganda,UGA,Uganda,,Uga.,UG,Republic of Uganda,Uganda,Uganda,,6,3,6,4,44269594,15,2019,35165,2019,7. Least developed region,5. Low income,UG,UGA,800,UGA,Africa,Africa,Eastern Africa,Sub-Saharan Africa,Q1036,Uganda,Uganda
Admin-0 country,0,10,Cuba,CU1,1,2,Lease,1,US Naval Base Guantanamo Bay,USG,US Naval Base Guantanamo Bay,USG,US Naval Base Guantanamo Bay,USG,USNB Guantanamo Bay,US Naval Base Guantanamo Bay,B50,Guantanamo Bay USNB,,Guantan.,GB,,,Guantanamo Bay USNB,"Gitmo, GTMO",3,5,3,1,6000,5,2018,240,1999,2. Developed region: nonG7,2. High income: nonOECD,-99,-99,-99,-99,North America,Americas,Caribbean,Latin America & Caribbean,Q762570,Guantanamo Bay Naval Base,Base Naval de la Bahía de Guantánamo
Admin-0 country,0,3,Cuba,CU1,1,1,Sovereignty,1,Cuba,CUB,Cuba,CUB,Cuba,CUB,Cuba,Cuba,CUB,Cuba,,Cuba,CU,Republic of Cuba,Cuba,Cuba,,3,5,3,4,11333483,14,2019,100023,2018,5. Emerging region: G20,3. Upper middle income,CU,CUB,192,CUB,North America,Americas,Caribbean,Latin America & Caribbean,Q241,Cuba,Cuba
Admin-0 country,0,5,Honduras,HND,0,2,Sovereign country,1,Honduras,HND,Honduras,HND,Honduras,HND,Honduras,Honduras,HND,Honduras,,Hond.,HN,Republic of Honduras,Honduras,Honduras,,2,5,2,5,9746117,13,2019,25095,2019,6. Developing region,4. Lower middle income,HN,HND,340,HND,North America,Americas,Central America,Latin America & Caribbean,Q783,Honduras,Honduras
Admin-0 country,0,3,Ecuador,ECU,0,2,Sovereign country,1,Ecuador,ECU,Ecuador,ECU,Ecuador,ECU,Ecuador,Ecuador,ECU,Ecuador,,Ecu.,EC,Republic of Ecuador,Ecuador,Ecuador,,1,5,2,12,17373662,14,2019,107435,2019,6. Developing region,3. Upper middle income,EC,ECU,218,ECU,South America,Americas,South America,Latin America & Caribbean,Q736,Ecuador,Ecuador
Admin-0 country,0,2,Colombia,COL,0,2,Sovereign country,1,Colombia,COL,Colombia,COL,Colombia,COL,Colombia,Colombia,COL,Colombia,,Col.,CO,Republic of Colombia,Colombia,Colombia,,2,1,3,1,50339443,16,2019,323615,2019,6. Developing region,3. Upper middle income,CO,COL,170,COL,South America,Americas,South America,Latin America & Caribbean,Q739,Colombia,Colombia
Admin-0 country,0,4,Paraguay,PRY,0,2,Sovereign country,1,Paraguay,PRY,Paraguay,PRY,Paraguay,PRY,Paraguay,Paraguay,PRY,Paraguay,,Para.,PY,Republic of Paraguay,Paraguay,Paraguay,,6,3,6,2,7044636,13,2019,38145,2019,5. Emerging region: G20,4. Lower middle income,PY,PRY,600,PRY,South America,Americas,South America,Latin America & Caribbean,Q733,Paraguay,Paraguay
Admin-0 country,0,9,Brazilian Island,BRI,0,2,Indeterminate,,Brazilian Island,BRI,Brazilian Island,BRI,Brazilian Island,BRI,Brazilian I.,Brazilian Island,B85,Brazilian Island,,,,,,Brazil (Brazilian I.),,1,5,2,3,0,1,2019,0,2019,3. Emerging region: BRIC,3. Upper middle income,-99,-99,-99,-99,South America,Americas,South America,Latin America & Caribbean,Q2093778,Brazilian Island,Isla Brasilera
Admin-0 country,0,2,Portugal,PRT,0,2,Sovereign country,1,Portugal,PRT,Portugal,PRT,Portugal,PR1,Portugal,Portugal,PR1,Portugal,,Port.,P,Portuguese Republic,Portugal,Portugal,,1,7,1,4,10269417,14,2019,238785,2019,2. Developed region: nonG7,1. High income: OECD,PT,PRT,620,PR1,Europe,Europe,Southern Europe,Europe & Central Asia,Q45,Portugal,Portugal
Admin-0 country,0,6,Moldova,MDA,0,2,Sovereign country,1,Moldova,MDA,Moldova,MDA,Moldova,MDA,Moldova,Moldova,MDA,Moldova,,Mda.,MD,Republic of Moldova,Moldova,Moldova,,3,5,4,12,2657637,12,2019,11968,2019,6. Developing region,4. Lower middle income,MD,MDA,498,MDA,Europe,Europe,Eastern Europe,Europe & Central Asia,Q217,Moldova,Moldavia
Admin-0 country,0,4,Turkmenistan,TKM,0,2,Sovereign country,1,Turkmenistan,TKM,Turkmenistan,TKM,Turkmenistan,TKM,Turkmenistan,Turkmenistan,TKM,Turkmenistan,,Turkm.,TM,Turkmenistan,Turkmenistan,Turkmenistan,,3,2,1,9,5942089,13,2019,40761,2018,6. Developing region,3. Upper middle income,TM,TKM,795,TKM,Asia,Asia,Central Asia,Europe & Central Asia,Q874,Turkmenistan,Turkmenistán
Admin-0 country,0,4,Jordan,JOR,0,2,Sovereign country,1,Jordan,JOR,Jordan,JOR,Jordan,JOR,Jordan,Jordan,JOR,Jordan,,Jord.,J,Hashemite Kingdom of Jordan,Jordan,Jordan,,5,3,4,4,10101694,14,2019,44502,2019,6. Developing region,3. Upper middle income,JO,JOR,400,JOR,Asia,Asia,Western Asia,Middle East & North Africa,Q810,Jordan,Jordania
Admin-0 country,0,3,Nepal,NPL,0,2,Sovereign country,1,Nepal,NPL,Nepal,NPL,Nepal,NPL,Nepal,Nepal,NPL,Nepal,,Nepal,NP,Nepal,Nepal,Nepal,,2,2,3,12,28608710,15,2019,30641,2019,7. Least developed region,5. Low income,NP,NPL,524,NPL,Asia,Asia,Southern Asia,South Asia,Q837,Nepal,Nepal
Admin-0 country,0,6,Lesotho,LSO,0,2,Sovereign country,1,Lesotho,LSO,Lesotho,LSO,Lesotho,LSO,Lesotho,Lesotho,LSO,Lesotho,,Les.,LS,Kingdom of Lesotho,Lesotho,Lesotho,,1,5,2,8,2125268,12,2019,2376,2019,7. Least developed region,4. Lower middle income,LS,LSO,426,LSO,Africa,Africa,Southern Africa,Sub-Saharan Africa,Q1013,Lesotho,Lesoto
Admin-0 country,0,3,Cameroon,CMR,0,2,Sovereign country,1,Cameroon,CMR,Cameroon,CMR,Cameroon,CMR,Cameroon,Cameroon,CMR,Cameroon,,Cam.,CM,Republic of Cameroon,Cameroon,Cameroon,,1,4,1,3,25876380,15,2019,39007,2019,6. Developing region,4. Lower middle income,CM,CMR,120,CMR,Africa,Africa,Middle Africa,Sub-Saharan Africa,Q1009,Cameroon,Camerún
Admin-0 country,0,4,Gabon,GAB,0,2,Sovereign country,1,Gabon,GAB,Gabon,GAB,Gabon,GAB,Gabon,Gabon,GAB,Gabon,,Gabon,GA,Gabonese Republic,Gabon,Gabon,,6,2,5,5,2172579,12,2019,16874,2019,6. Developing region,3. Upper middle income,GA,GAB,266,GAB,Africa,Africa,Middle Africa,Sub-Saharan Africa,Q1000,Gabon,Gabón
Admin-0 country,0,3,Niger,NER,0,2,Sovereign country,1,Niger,NER,Niger,NER,Niger,NER,Niger,Niger,NER,Niger,,Niger,NE,Republic of Niger,Niger,Niger,,4,5,3,13,23310715,15,2019,12911,2019,7. Least developed region,5. Low income,NE,NER,562,NER,Africa,Africa,Western Africa,Sub-Saharan Africa,Q1032,Niger,Níger
Admin-0 country,0,3,Burkina Faso,BFA,0,2,Sovereign country,1,Burkina Faso,BFA,Burkina Faso,BFA,Burkina Faso,BFA,Burkina Faso,Burkina Faso,BFA,Burkina Faso,,B.F.,BF,Burkina Faso,Burkina Faso,Burkina Faso,,2,1,5,11,20321378,15,2019,15990,2019,7. Least developed region,5. Low income,BF,BFA,854,BFA,Africa,Africa,Western Africa,Sub-Saharan Africa,Q965,Burkina Faso,Burkina Faso
Admin-0 country,0,6,Togo,TGO,0,2,Sovereign country,1,Togo,TGO,Togo,TGO,Togo,TGO,Togo,Togo,TGO,Togo,,Togo,TG,Togolese Republic,Togo,Togo,,3,1,3,5,8082366,13,2019,5490,2019,7. Least developed region,5. Low income,TG,TGO,768,TGO,Africa,Africa,Western Africa,Sub-Saharan Africa,Q945,Togo,Togo
Admin-0 country,0,3,Ghana,GHA,0,2,Sovereign country,1,Ghana,GHA,Ghana,GHA,Ghana,GHA,Ghana,Ghana,GHA,Ghana,,Ghana,GH,Republic of Ghana,Ghana,Ghana,,5,3,1,4,30417856,15,2019,66983,2019,6. Developing region,4. Lower middle income,GH,GHA,288,GHA,Africa,Africa,Western Africa,Sub-Saharan Africa,Q117,Ghana,Ghana
Admin-0 country,0,6,Guinea-Bissau,GNB,0,2,Sovereign country,1,Guinea-Bissau,GNB,Guinea-Bissau,GNB,Guinea-Bissau,GNB,Guinea-Bissau,Guinea-Bissau,GNB,Guinea-Bissau,,GnB.,GW,Republic of Guinea-Bissau,Guinea-Bissau,Guinea-Bissau,,3,5,3,4,1920922,12,2019,1339,2019,7. Least developed region,5. Low income,GW,GNB,624,GNB,Africa,Africa,Western Africa,Sub-Saharan Africa,Q1007,Guinea-Bissau,Guinea-Bisáu
Admin-0 country,0,5,United Kingdom,GB1,1,2,Disputed,1,Gibraltar,GIB,Gibraltar,GIB,Gibraltar,GIB,Gibraltar,Gibraltar,B55,Gibraltar,,Gib.,GI,,Gibraltar,Gibraltar,,6,6,6,3,33701,7,2019,2044,2014,2. Developed region: nonG7,1. High income: OECD,GI,GIB,292,B55,Europe,Europe,Southern Europe,Europe & Central Asia,Q1410,Gibraltar,Gibraltar
Admin-0 country,0,2,United States of America,US1,1,2,Country,1,United States of America,USA,United States of America,USA,United States,USA,United States of America,United States,USA,United States,,U.S.A.,US,United States of America,United States,United States of America,,4,5,1,1,328239523,17,2019,21433226,2019,1. Developed region: G7,1. High income: OECD,US,USA,840,USA,North America,Americas,Northern America,North America,Q30,United States of America,Estados Unidos
Admin-0 country,0,2,Canada,CAN,0,2,Sovereign country,1,Canada,CAN,Canada,CAN,Canada,CAN,Canada,Canada,CAN,Canada,,Can.,CA,Canada,Canada,Canada,,6,6,2,2,37589262,15,2019,1736425,2019,1. Developed region: G7,1. High income: OECD,CA,CAN,124,CAN,North America,Americas,Northern America,North America,Q16,Canada,Canadá
Admin-0 country,0,2,Mexico,MEX,0,2,Sovereign country,1,Mexico,MEX,Mexico,MEX,Mexico,MEX,Mexico,Mexico,MEX,Mexico,,Mex.,MX,United Mexican States,Mexico,Mexico,,6,1,7,3,127575529,17,2019,1268870,2019,4. Emerging region: MIKT,3. Upper middle income,MX,MEX,484,MEX,North America,Americas,Central America,Latin America & Caribbean,Q96,Mexico,México
Admin-0 country,0,6,Belize,BLZ,0,2,Sovereign country,1,Belize,BLZ,Belize,BLZ,Belize,BLZ,Belize,Belize,BLZ,Belize,,Belize,BZ,Belize,Belize,Belize,,1,4,5,7,390353,10,2019,1879,2019,6. Developing region,4. Lower middle income,BZ,BLZ,84,BLZ,North America,Americas,Central America,Latin America & Caribbean,Q242,Belize,Belice
Admin-0 country,0,4,Panama,PAN,0,2,Sovereign country,1,Panama,PAN,Panama,PAN,Panama,PAN,Panama,Panama,PAN,Panama,,Pan.,PA,Republic of Panama,Panama,Panama,,4,4,6,3,4246439,12,2019,66800,2019,6. Developing region,3. Upper middle income,PA,PAN,591,PAN,North America,Americas,Central America,Latin America & Caribbean,Q804,Panama,Panamá
Admin-0 country,0,3,Venezuela,VEN,0,2,Sovereign country,1,Venezuela,VEN,Venezuela,VEN,Venezuela,VEN,Venezuela,Venezuela,VEN,Venezuela,,Ven.,VE,Bolivarian Republic of Venezuela,Venezuela,"Venezuela, RB",,1,3,1,4,28515829,15,2019,482359,2014,5. Emerging region: G20,3. Upper middle income,VE,VEN,862,VEN,South America,Americas,South America,Latin America & Caribbean,Q717,Venezuela,Venezuela
Admin-0 country,0,2,Papua New Guinea,PNG,0,2,Sovereign country,1,Papua New Guinea,PNG,Papua New Guinea,PNG,Papua New Guinea,PN1,Papua New Guinea,Papua New Guinea,PN1,Papua New Guinea,,P.N.G.,PG,Independent State of Papua New Guinea,Papua New Guinea,Papua New Guinea,,4,2,3,1,8776109,13,2019,24829,2019,6. Developing region,4. Lower middle income,PG,PNG,598,PN1,Oceania,Oceania,Melanesia,East Asia & Pacific,Q691,Papua New Guinea,Papúa Nueva Guinea
Admin-0 country,0,2,Egypt,EGY,0,2,Sovereign country,1,Egypt,EGY,Egypt,EGY,Egypt,EGY,Egypt,Egypt,EGY,Egypt,,Egypt,EG,Arab Republic of Egypt,Egypt,"Egypt, Arab Rep.",,4,6,7,2,100388073,17,2019,303092,2019,5. Emerging region: G20,4. Lower middle income,EG,EGY,818,EGY,Africa,Africa,Northern Africa,Middle East & North Africa,Q79,Egypt,Egipto
Admin-0 country,0,3,Yemen,YEM,0,2,Sovereign country,1,Yemen,YEM,Yemen,YEM,Yemen,YEM,Yemen,Yemen,YEM,Yemen,,Yem.,YE,Republic of Yemen,Yemen,"Yemen, Rep.",,5,3,3,11,29161922,15,2019,22581,2019,7. Least developed region,4. Lower middle income,YE,YEM,887,YEM,Asia,Asia,Western Asia,Middle East & North Africa,Q805,Yemen,Yemen
Admin-0 country,0,3,Mauritania,MRT,0,2,Sovereign country,1,Mauritania,MRT,Mauritania,MRT,Mauritania,MRT,Mauritania,Mauritania,MRT,Mauritania,,Mrt.,MR,Islamic Republic of Mauritania,Mauritania,Mauritania,,3,3,2,1,4525696,12,2019,7600,2019,7. Least developed region,5. Low income,MR,MRT,478,MRT,Africa,Africa,Western Africa,Sub-Saharan Africa,Q1025,Mauritania,Mauritania
Admin-0 country,0,4,Equatorial Guinea,GNQ,0,2,Sovereign country,1,Equatorial Guinea,GNQ,Equatorial Guinea,GNQ,Equatorial Guinea,GNQ,Eq. Guinea,Equatorial Guinea,GNQ,Eq. Guinea,,Eq. G.,GQ,Republic of Equatorial Guinea,Equatorial Guinea,Equatorial Guinea,,4,1,4,8,1355986,12,2019,11026,2019,7. Least developed region,2. High income: nonOECD,GQ,GNQ,226,GNQ,Africa,Africa,Middle Africa,Sub-Saharan Africa,Q983,Equatorial Guinea,Guinea Ecuatorial
Admin-0 country,0,6,Gambia,GMB,0,2,Sovereign country,1,Gambia,GMB,Gambia,GMB,Gambia,GMB,Gambia,The Gambia,GMB,Gambia,,Gambia,GM,Republic of the Gambia,"Gambia, The","Gambia, The",,1,4,1,8,2347706,12,2019,1826,2019,7. Least developed region,5. Low income,GM,GMB,270,GMB,Africa,Africa,Western Africa,Sub-Saharan Africa,Q1005,The Gambia,Gambia
Admin-0 country,0,4,China,CH1,1,2,Country,1,Hong Kong S.A.R.,HKG,Hong Kong S.A.R.,HKG,Hong Kong S.A.R.,HKG,Hong Kong,Hong Kong,HKG,Hong Kong,,H.K.,HK,"Hong Kong Special Administrative Region, PRC",Hong Kong,"Hong Kong SAR, China",,4,4,4,3,7507400,13,2019,365711,2019,6. Developing region,2. High income: nonOECD,HK,HKG,344,HKG,Asia,Asia,Eastern Asia,East Asia & Pacific,Q8646,Hong Kong,Hong Kong
Admin-0 country,0,6,Vatican,VAT,0,2,Sovereign country,1,Vatican,VAT,Vatican,VAT,Vatican,VAT,Vatican,Vatican,VAT,Vatican,,Vat.,V,State of the Vatican City,Holy See (Vatican City),Vatican (Holy See),Holy See,1,3,4,2,825,2,2019,-99,2019,2. Developed region: nonG7,2. High income: nonOECD,VA,VAT,336,VAT,Europe,Europe,Southern Europe,Europe & Central Asia,Q237,Vatican City,Ciudad del Vaticano
Admin-0 country,1,6,Northern Cyprus,CYN,0,2,Sovereign country,1,Northern Cyprus,CYN,Northern Cyprus,CYN,Northern Cyprus,CYN,N. Cyprus,Northern Cyprus,CYN,N. Cyprus,,N. Cy.,CN,Turkish Republic of Northern Cyprus,,"Cyprus, Northern",,3,1,4,8,326000,10,2017,3600,2013,6. Developing region,3. Upper middle income,-99,-99,-99,CYP,Asia,Asia,Western Asia,Europe & Central Asia,Q23681,Turkish Republic of Northern Cyprus,República Turca del Norte de Chipre
Admin-0 country,1,9,Cyprus No Mans Area,CNM,0,2,Indeterminate,,Cyprus No Mans Area,CNM,Cyprus No Mans Area,CNM,Cyprus No Mans Area,CNM,Cyprus U.N. Buffer Zone,Cyprus U.N. Buffer Zone,B43,Cyprus U.N. Buffer Zone,,,,Cyprus No Mans Land,,Cyprus No Mans Area,,4,1,1,-99,10000,6,2019,280,2013,6. Developing region,2. High income: nonOECD,-99,-99,-99,CYP,Asia,Asia,Western Asia,Europe & Central Asia,Q116970,United Nations Buffer Zone in Cyprus,Línea Verde
Admin-0 country,0,5,Kashmir,KAS,0,2,Indeterminate,,Siachen Glacier,KAS,Siachen Glacier,KAS,Siachen Glacier,KAS,Siachen Glacier,Siachen Glacier,B45,Siachen Glacier,Jammu and Kashmir,Siachen,SG,,,Kashmir,,3,7,6,-99,6000,5,2013,15,2013,6. Developing region,4. Lower middle income,-99,-99,-99,-99,Asia,Asia,Southern Asia,South Asia,Q333946,Siachen Glacier,Glaciar de Siachen
Admin-0 country,0,5,Kazakhstan,KA1,1,2,Lease,1,Baykonur Cosmodrome,KAB,Baykonur Cosmodrome,KAB,Baykonur Cosmodrome,KAB,Baikonur,Baikonur Cosmodrome,B40,Baykonur,,Bayk.,BK,,,Baikonur Cosmodrome,Baykonur Cosmodrome,6,1,6,1,36175,7,2009,596,2013,2. Developed region: nonG7,3. Upper middle income,-99,-99,-99,KAZ,Asia,Asia,Central Asia,Europe & Central Asia,Q165413,Baikonur,Baikonur
Admin-0 country,3,3,United Kingdom,GB1,1,2,Dependency,1,Akrotiri Sovereign Base Area,WSB,Akrotiri Sovereign Base Area,WSB,Akrotiri Sovereign Base Area,WSB,Akrotiri,Akrotiri,WSB,Akrotiri,,Akr.,AK,,,Akrotiri Sovereign Base Area,,6,6,6,3,7850,5,2017,314,2016,2. Developed region: nonG7,2. High income: nonOECD,-99,-99,-99,-99,Asia,Asia,Western Asia,Europe & Central Asia,Q9143535,Akrotiri Sovereign Base Area,Akrotiri
Admin-0 country,0,9,Southern Patagonian Ice Field,SPI,0,2,Indeterminate,,Southern Patagonian Ice Field,SPI,Southern Patagonian Ice Field,SPI,Southern Patagonian Ice Field,SPI,Southern Patagonian Ice Field,Southern Patagonian Ice Field,B97,Southern Patagonian Ice Field,,S.Pat. Ice Field,,Southern Patagonian Ice Field,,Southern Patagonian Ice Field,,4,4,4,3,0,1,2019,0,2019,-99,-99,-99,-99,-99,-99,South America,Americas,South America,Latin America & Caribbean,Q1031467,Southern Patagonian Ice Field,Campo de hielo Patagónico Sur
Admin-0 country,0,8,Bir Tawil,BRT,0,2,Indeterminate,,Bir Tawil,BRT,Bir Tawil,BRT,Bir Tawil,BRT,Bir Tawil,Bir Tawil,B94,Bir Tawil,,B. Tawil,,,,Bir Tawil,,1,1,2,5,0,1,2019,0,2019,7. Least developed region,5. Low income,-99,-99,-99,-99,Africa,Africa,Northern Africa,Middle East & North Africa,Q620634,Bir Tawil,Bir Tawil
Admin-0 country,0,4,Antarctica,ATA,0,2,Indeterminate,1,Antarctica,ATA,Antarctica,ATA,Antarctica,ATA,Antarctica,Antarctica,ATA,Antarctica,,Ant.,AQ,,,Antarctica,,4,5,1,-99,4490,4,2019,898,2013,6. Developing region,2. High income: nonOECD,AQ,ATA,10,ATA,Antarctica,Antarctica,Antarctica,Antarctica,Q51,Antarctica,Antártida
Admin-0 country,0,2,Australia,AU1,1,2,Country,1,Australia,AUS,Australia,AUS,Australia,AUS,Australia,Australia,AUS,Australia,,Auz.,AU,Commonwealth of Australia,Australia,Australia,,1,2,2,7,25364307,15,2019,1396567,2019,2. Developed region: nonG7,1. High income: OECD,AU,AUS,36,AUS,Oceania,Oceania,Australia and New Zealand,East Asia & Pacific,Q408,Australia,Australia
Admin-0 country,0,3,Denmark,DN1,1,2,Country,1,Greenland,GRL,Greenland,GRL,Greenland,GRL,Greenland,Greenland,GRL,Greenland,,Grlnd.,GL,Greenland,Greenland,Greenland,,4,1,3,12,56225,8,2019,3051,2018,2. Developed region: nonG7,2. High income: nonOECD,GL,GRL,304,GRL,North America,Americas,Northern America,Europe & Central Asia,Q223,Greenland,Groenlandia
Admin-0 country,1,6,Fiji,FJI,0,2,Sovereign country,1,Fiji,FJI,Fiji,FJI,Fiji,FJI,Fiji,Fiji,FJI,Fiji,,Fiji,FJ,Republic of Fiji,Fiji,Fiji,,5,1,2,2,889953,11,2019,5496,2019,6. Developing region,4. Lower middle income,FJ,FJI,242,FJI,Oceania,Oceania,Melanesia,East Asia & Pacific,Q712,Fiji,Fiyi
Admin-0 country,0,2,New Zealand,NZ1,1,2,Country,1,New Zealand,NZL,New Zealand,NZL,New Zealand,NZL,New Zealand,New Zealand,NZL,New Zealand,,N.Z.,NZ,New Zealand,New Zealand,New Zealand,,3,3,4,4,4917000,12,2019,206928,2019,2. Developed region: nonG7,1. High income: OECD,NZ,NZL,554,NZL,Oceania,Oceania,Australia and New Zealand,East Asia & Pacific,Q664,New Zealand,Nueva Zelanda
Admin-0 country,1,3,France,FR1,1,2,Dependency,1,New Caledonia,NCL,New Caledonia,NCL,New Caledonia,NCL,New Caledonia,New Caledonia,NCL,New Caledonia,,New C.,NC,New Caledonia,New Caledonia,New Caledonia,,7,5,9,11,287800,10,2019,10770,2016,6. Developing region,2. High income: nonOECD,NC,NCL,540,NCL,Oceania,Oceania,Melanesia,East Asia & Pacific,Q33788,New Caledonia,Nueva Caledonia
Admin-0 country,0,3,Madagascar,MDG,0,2,Sovereign country,1,Madagascar,MDG,Madagascar,MDG,Madagascar,MDG,Madagascar,Madagascar,MDG,Madagascar,,Mad.,MG,Republic of Madagascar,Madagascar,Madagascar,,6,5,2,3,26969307,15,2019,14114,2019,7. Least developed region,5. Low income,MG,MDG,450,MDG,Africa,Africa,Eastern Africa,Sub-Saharan Africa,Q1019,Madagascar,Madagascar
Admin-0 country,0,2,Philippines,PHL,0,2,Sovereign country,1,Philippines,PHL,Philippines,PHL,Philippines,PHL,Philippines,Philippines,PHL,Philippines,,Phil.,PH,Republic of the Philippines,Philippines,Philippines,,3,2,2,8,108116615,17,2019,376795,2019,5. Emerging region: G20,4. Lower middle income,PH,PHL,608,PHL,Asia,Asia,South-Eastern Asia,East Asia & Pacific,Q928,Philippines,Filipinas
Admin-0 country,0,3,Sri Lanka,LKA,0,2,Sovereign country,1,Sri Lanka,LKA,Sri Lanka,LKA,Sri Lanka,LKA,Sri Lanka,Sri Lanka,LKA,Sri Lanka,,Sri L.,LK,Democratic Socialist Republic of Sri Lanka,Sri Lanka,Sri Lanka,,3,5,4,9,21803000,15,2019,84008,2019,6. Developing region,4. Lower middle income,LK,LKA,144,LKA,Asia,Asia,Southern Asia,South Asia,Q854,Sri Lanka,Sri Lanka
Admin-0 country,3,5,Netherlands,NL1,1,2,Country,1,Curaçao,CUW,Curaçao,CUW,Curaçao,CUW,Curaçao,Curaçao,CUW,Curaçao,,Cur.,CW,Curaçao,Curacao,Curaçao,,4,2,2,9,157538,9,2019,3101,2019,6. Developing region,2. High income: nonOECD,CW,CUW,531,CUW,North America,Americas,Caribbean,Latin America & Caribbean,Q25279,Curaçao,Curazao
Admin-0 country,3,5,Netherlands,NL1,1,2,Country,1,Aruba,ABW,Aruba,ABW,Aruba,ABW,Aruba,Aruba,ABW,Aruba,,Aruba,AW,Aruba,Aruba,Aruba,,4,2,2,9,106314,9,2019,3056,2017,6. Developing region,2. High income: nonOECD,AW,ABW,533,ABW,North America,Americas,Caribbean,Latin America & Caribbean,Q21203,Aruba,Aruba
Admin-0 country,3,4,The Bahamas,BHS,0,2,Sovereign country,1,The Bahamas,BHS,The Bahamas,BHS,The Bahamas,BHS,Bahamas,Bahamas,BHS,Bahamas,,Bhs.,BS,Commonwealth of the Bahamas,"Bahamas, The","Bahamas, The",,1,1,2,5,389482,10,2019,13578,2019,6. Developing region,2. High income: nonOECD,BS,BHS,44,BHS,North America,Americas,Caribbean,Latin America & Caribbean,Q778,The Bahamas,Bahamas
Admin-0 country,5,6,United Kingdom,GB1,1,2,Dependency,1,Turks and Caicos Islands,TCA,Turks and Caicos Islands,TCA,Turks and Caicos Islands,TCA,Turks and Caicos Is.,Turks and Caicos Islands,TCA,Turks and Caicos Is.,,T.C. Is.,TC,Turks and Caicos Islands,Turks and Caicos Islands,Turks and Caicos Islands,,6,6,6,3,38191,7,2019,1197,2019,6. Developing region,2. High income: nonOECD,TC,TCA,796,TCA,North America,Americas,Caribbean,Latin America & Caribbean,Q18221,Turks and Caicos Islands,Islas Turcas y Caicos
Admin-0 country,0,3,Taiwan,TWN,0,2,Sovereign country,1,Taiwan,TWN,Taiwan,TWN,Taiwan,TWN,Taiwan,Taiwan,TWN,Taiwan,,Taiwan,TW,,Taiwan,Taiwan,,1,5,7,2,23568378,15,2020,1127000,2016,2. Developed region: nonG7,2. High income: nonOECD,CN-TW,TWN,158,TWN,Asia,Asia,Eastern Asia,East Asia & Pacific,Q865,Taiwan,República de China
Admin-0 country,0,2,Japan,JPN,0,2,Sovereign country,1,Japan,JPN,Japan,JPN,Japan,JPN,Japan,Japan,JPN,Japan,,Japan,J,Japan,Japan,Japan,,5,3,5,4,126264931,17,2019,5081769,2019,1. Developed region: G7,1. High income: OECD,JP,JPN,392,JPN,Asia,Asia,Eastern Asia,East Asia & Pacific,Q17,Japan,Japón
Admin-0 country,3,4,France,FR1,1,2,Dependency,1,Saint Pierre and Miquelon,SPM,Saint Pierre and Miquelon,SPM,Saint Pierre and Miquelon,SPM,St. Pierre and Miquelon,Saint Pierre and Miquelon,SPM,St. Pierre and Miquelon,,St. P.M.,PM,Saint Pierre and Miquelon,Saint Pierre and Miquelon,St. Pierre and Miquelon,,7,5,9,11,5997,5,2017,215,2016,2. Developed region: nonG7,3. Upper middle income,PM,SPM,666,SPM,North America,Americas,Northern America,North America,Q34617,Saint Pierre and Miquelon,San Pedro y Miquelón
Admin-0 country,0,3,Iceland,ISL,0,2,Sovereign country,1,Iceland,ISL,Iceland,ISL,Iceland,ISL,Iceland,Iceland,ISL,Iceland,,Iceland,IS,Republic of Iceland,Iceland,Iceland,,1,4,4,9,361313,10,2019,24188,2019,2. Developed region: nonG7,1. High income: OECD,IS,ISL,352,ISL,Europe,Europe,Northern Europe,Europe & Central Asia,Q189,Iceland,Islandia
Admin-0 country,5,4,United Kingdom,GB1,1,2,Dependency,1,Pitcairn Islands,PCN,Pitcairn Islands,PCN,Pitcairn Islands,PCN,Pitcairn Is.,Pitcairn Islands,PCN,Pitcairn Is.,,Pit. Is.,PN,"Pitcairn, Henderson, Ducie and Oeno Islands",Pitcairn Islands,Pitcairn Islands,,6,6,6,3,54,1,2016,0,2016,7. Least developed region,5. Low income,PN,PCN,612,PCN,Oceania,Oceania,Polynesia,East Asia & Pacific,Q35672,Pitcairn Islands,Islas Pitcairn
Admin-0 country,3,4,France,FR1,1,2,Dependency,1,French Polynesia,PYF,French Polynesia,PYF,French Polynesia,PYF,Fr. Polynesia,French Polynesia,PYF,Fr. Polynesia,,Fr. Poly.,PF,French Polynesia,French Polynesia,French Polynesia,,7,5,9,11,279287,10,2019,5490,2016,6. Developing region,2. High income: nonOECD,PF,PYF,258,PYF,Oceania,Oceania,Polynesia,East Asia & Pacific,Q30971,French Polynesia,Polinesia Francesa
Admin-0 country,3,6,France,FR1,1,2,Dependency,1,French Southern and Antarctic Lands,ATF,French Southern and Antarctic Lands,ATF,French Southern and Antarctic Lands,ATF,Fr. S. Antarctic Lands,French Southern and Antarctic Lands,ATF,Fr. S. and Antarctic Lands,,Fr. S.A.L.,TF,Territory of the French Southern and Antarctic Lands,,French Southern and Antarctic Lands,,7,5,9,11,140,1,2017,16,2016,6. Developing region,2. High income: nonOECD,TF,ATF,260,ATF,Seven seas (open ocean),Africa,Seven seas (open ocean),Sub-Saharan Africa,Q129003,French Southern and Antarctic Lands,Tierras Australes y Antárticas Francesas
Admin-0 country,5,6,Seychelles,SYC,0,2,Sovereign country,1,Seychelles,SYC,Seychelles,SYC,Seychelles,SYC,Seychelles,Seychelles,SYC,Seychelles,,Syc.,SC,Republic of Seychelles,Seychelles,Seychelles,,5,8,3,1,97625,8,2019,1703,2019,6. Developing region,3. Upper middle income,SC,SYC,690,SYC,Seven seas (open ocean),Africa,Eastern Africa,Sub-Saharan Africa,Q1042,Seychelles,Seychelles
Admin-0 country,3,6,Kiribati,KIR,0,2,Sovereign country,1,Kiribati,KIR,Kiribati,KIR,Kiribati,KIR,Kiribati,Kiribati,KIR,Kiribati,,Kir.,KI,Republic of Kiribati,Kiribati,Kiribati,,5,7,6,12,117606,9,2019,194,2019,7. Least developed region,4. Lower middle income,KI,KIR,296,KIR,Oceania,Oceania,Micronesia,East Asia & Pacific,Q710,Kiribati,Kiribati
Admin-0 country,5,6,Marshall Islands,MHL,0,2,Sovereign country,1,Marshall Islands,MHL,Marshall Islands,MHL,Marshall Islands,MHL,Marshall Is.,Marshall Islands,MHL,Marshall Is.,,M. Is.,MH,Republic of the Marshall Islands,Marshall Islands,Marshall Islands,,2,5,5,3,58791,8,2019,221,2018,6. Developing region,4. Lower middle income,MH,MHL,584,MHL,Oceania,Oceania,Micronesia,East Asia & Pacific,Q709,Marshall Islands,Islas Marshall
Admin-0 country,3,5,Trinidad and Tobago,TTO,0,2,Sovereign country,1,Trinidad and Tobago,TTO,Trinidad and Tobago,TTO,Trinidad and Tobago,TTO,Trinidad and Tobago,Trinidad and Tobago,TTO,Trinidad and Tobago,,Tr.T.,TT,Republic of Trinidad and Tobago,Trinidad and Tobago,Trinidad and Tobago,,5,6,2,5,1394973,12,2019,24269,2019,6. Developing region,2. High income: nonOECD,TT,TTO,780,TTO,North America,Americas,Caribbean,Latin America & Caribbean,Q754,Trinidad and Tobago,Trinidad y Tobago
Admin-0 country,3,6,Grenada,GRD,0,2,Sovereign country,1,Grenada,GRD,Grenada,GRD,Grenada,GRD,Grenada,Grenada,GRD,Grenada,,Gren.,GD,Grenada,Grenada,Grenada,,2,4,3,6,112003,9,2019,1210,2019,6. Developing region,3. Upper middle income,GD,GRD,308,GRD,North America,Americas,Caribbean,Latin America & Caribbean,Q769,Grenada,Granada
Admin-0 country,3,6,Saint Vincent and the Grenadines,VCT,0,2,Sovereign country,1,Saint Vincent and the Grenadines,VCT,Saint Vincent and the Grenadines,VCT,Saint Vincent and the Grenadines,VCT,St. Vin. and Gren.,Saint Vincent and the Grenadines,VCT,St. Vin. and Gren.,,St.V.G.,VC,Saint Vincent and the Grenadines,Saint Vincent and the Grenadines,St. Vincent and the Grenadines,,1,1,5,7,110589,9,2019,824,2019,6. Developing region,3. Upper middle income,VC,VCT,670,VCT,North America,Americas,Caribbean,Latin America & Caribbean,Q757,Saint Vincent and the Grenadines,San Vicente y las Granadinas
Admin-0 country,3,5,Barbados,BRB,0,2,Sovereign country,1,Barbados,BRB,Barbados,BRB,Barbados,BRB,Barbados,Barbados,BRB,Barbados,,Barb.,BB,Barbados,Barbados,Barbados,,4,1,5,3,287025,10,2019,5209,2019,6. Developing region,2. High income: nonOECD,BB,BRB,52,BRB,North America,Americas,Caribbean,Latin America & Caribbean,Q244,Barbados,Barbados
Admin-0 country,3,6,Saint Lucia,LCA,0,2,Sovereign country,1,Saint Lucia,LCA,Saint Lucia,LCA,Saint Lucia,LCA,Saint Lucia,Saint Lucia,LCA,Saint Lucia,,S.L.,LC,Saint Lucia,Saint Lucia,St. Lucia,,3,4,3,4,182790,9,2019,2122,2019,6. Developing region,3. Upper middle income,LC,LCA,662,LCA,North America,Americas,Caribbean,Latin America & Caribbean,Q760,Saint Lucia,Santa Lucía
Admin-0 country,3,6,Dominica,DMA,0,2,Sovereign country,1,Dominica,DMA,Dominica,DMA,Dominica,DMA,Dominica,Dominica,DMA,Dominica,,D'inca,DM,Commonwealth of Dominica,Dominica,Dominica,,4,5,2,12,71808,8,2019,582,2019,6. Developing region,3. Upper middle income,DM,DMA,212,DMA,North America,Americas,Caribbean,Latin America & Caribbean,Q784,Dominica,Dominica
Admin-0 country,5,5,United States of America,US1,1,2,Dependency,1,United States Minor Outlying Islands,UMI,United States Minor Outlying Islands,UMI,United States Minor Outlying Islands,UMI,U.S. Minor Outlying Is.,United States Minor Outlying Islands,UMI,U.S. Minor Outlying Is.,,U.S. MOI,UM,,,United States Minor Outlying Islands,,4,5,1,1,300,2,2017,0,2019,7. Least developed region,5. Low income,UM,UMI,581,UMI,North America,Oceania,Seven seas (open ocean),East Asia & Pacific,Q16645,United States Minor Outlying Islands,Islas ultramarinas de Estados Unidos
Admin-0 country,3,6,United Kingdom,GB1,1,2,Dependency,1,Montserrat,MSR,Montserrat,MSR,Montserrat,MSR,Montserrat,Montserrat,MSR,Montserrat,,Monts.,MS,,Montserrat,Montserrat,,6,6,6,3,4649,4,2019,44,2006,6. Developing region,4. Lower middle income,MS,MSR,500,MSR,North America,Americas,Caribbean,Latin America & Caribbean,Q13353,Montserrat,Montserrat
Admin-0 country,3,6,Antigua and Barbuda,ATG,0,2,Sovereign country,1,Antigua and Barbuda,ATG,Antigua and Barbuda,ATG,Antigua and Barbuda,ATG,Antigua and Barb.,Antigua and Barbuda,ATG,Antigua and Barb.,,Ant.B.,AG,Antigua and Barbuda,Antigua and Barbuda,Antigua and Barbuda,,2,2,5,5,97118,8,2019,1661,2019,6. Developing region,3. Upper middle income,AG,ATG,28,ATG,North America,Americas,Caribbean,Latin America & Caribbean,Q781,Antigua and Barbuda,Antigua y Barbuda
Admin-0 country,3,6,Saint Kitts and Nevis,KNA,0,2,Sovereign country,1,Saint Kitts and Nevis,KNA,Saint Kitts and Nevis,KNA,Saint Kitts and Nevis,KNA,St. Kitts and Nevis,Saint Kitts and Nevis,KNA,Saint Kitts and Nevis,,St.K.N.,KN,Federation of Saint Kitts and Nevis,Saint Kitts and Nevis,St. Kitts and Nevis,,1,4,1,8,52834,8,2019,1053,2019,6. Developing region,2. High income: nonOECD,KN,KNA,659,KNA,North America,Americas,Caribbean,Latin America & Caribbean,Q763,Saint Kitts and Nevis,San Cristóbal y Nieves
Admin-0 country,3,6,United States of America,US1,1,2,Dependency,1,United States Virgin Islands,VIR,United States Virgin Islands,VIR,United States Virgin Islands,VIR,U.S. Virgin Is.,United States Virgin Islands,VIR,U.S. Virgin Is.,,V.I. (U.S.),VI,Virgin Islands of the United States,Virgin Islands,Virgin Islands (U.S.),,4,5,1,1,106631,9,2019,3855,2017,6. Developing region,2. High income: nonOECD,VI,VIR,850,VIR,North America,Americas,Caribbean,Latin America & Caribbean,Q11703,United States Virgin Islands,Islas Vírgenes de los Estados Unidos
Admin-0 country,6,6,France,FR1,1,2,Dependency,1,Saint Barthelemy,BLM,Saint Barthelemy,BLM,Saint Barthelemy,BLM,St-Barthélemy,Saint-Barthélemy,BLM,St-Barthélemy,,St. B.,BL,Saint-Barthélemy,Saint Barthelemy,St-Barthélemy,,7,5,9,11,9961,5,2017,255,2016,2. Developed region: nonG7,1. High income: OECD,BL,BLM,652,BLM,North America,Americas,Caribbean,Latin America & Caribbean,Q25362,Saint Barthélemy,San Bartolomé
Admin-0 country,1,5,United States of America,US1,1,2,Dependency,1,Puerto Rico,PRI,Puerto Rico,PRI,Puerto Rico,PRI,Puerto Rico,Puerto Rico,PRI,Puerto Rico,,P.R.,PR,Commonwealth of Puerto Rico,Puerto Rico,Puerto Rico,,4,5,1,1,3193694,12,2019,104988,2019,6. Developing region,2. High income: nonOECD,PR,PRI,630,PRI,North America,Americas,Caribbean,Latin America & Caribbean,Q1183,Puerto Rico,Puerto Rico
Admin-0 country,3,6,United Kingdom,GB1,1,2,Dependency,1,Anguilla,AIA,Anguilla,AIA,Anguilla,AIA,Anguilla,Anguilla,AIA,Anguilla,,Ang.,AI,,Anguilla,Anguilla,,6,6,6,3,14731,6,2018,175,2009,6. Developing region,3. Upper middle income,AI,AIA,660,AIA,North America,Americas,Caribbean,Latin America & Caribbean,Q25228,Anguilla,Anguila
Admin-0 country,3,6,United Kingdom,GB1,1,2,Dependency,1,British Virgin Islands,VGB,British Virgin Islands,VGB,British Virgin Islands,VGB,British Virgin Is.,British Virgin Islands,VGB,British Virgin Is.,,V.I. (Br.),VG,British Virgin Islands,British Virgin Islands,British Virgin Islands,,6,6,6,3,30030,7,2019,500,2017,2. Developed region: nonG7,1. High income: OECD,VG,VGB,92,VGB,North America,Americas,Caribbean,Latin America & Caribbean,Q25305,British Virgin Islands,Islas Vírgenes Británicas
Admin-0 country,1,4,Jamaica,JAM,0,2,Sovereign country,1,Jamaica,JAM,Jamaica,JAM,Jamaica,JAM,Jamaica,Jamaica,JAM,Jamaica,,Jam.,J,Jamaica,Jamaica,Jamaica,,1,2,4,10,2948279,12,2019,16458,2019,6. Developing region,3. Upper middle income,JM,JAM,388,JAM,North America,Americas,Caribbean,Latin America & Caribbean,Q766,Jamaica,Jamaica
Admin-0 country,3,5,United Kingdom,GB1,1,2,Dependency,1,Cayman Islands,CYM,Cayman Islands,CYM,Cayman Islands,CYM,Cayman Is.,Cayman Islands,CYM,Cayman Is.,,Cym. Is.,KY,Cayman Islands,Cayman Islands,Cayman Islands,,6,6,6,3,64948,8,2019,5517,2018,5. Emerging region: G20,2. High income: nonOECD,KY,CYM,136,CYM,North America,Americas,Caribbean,Latin America & Caribbean,Q5785,Cayman Islands,Islas Caimán
Admin-0 country,5,6,United Kingdom,GB1,1,2,Dependency,1,Bermuda,BMU,Bermuda,BMU,Bermuda,BMU,Bermuda,Bermuda,BMU,Bermuda,,Berm.,BM,The Bermudas or Somers Isles,Bermuda,Bermuda,,6,6,6,3,63918,8,2019,7484,2019,2. Developed region: nonG7,2. High income: nonOECD,BM,BMU,60,BMU,North America,Americas,Northern America,North America,Q23635,Bermuda,Bermudas
Admin-0 country,5,5,Australia,AU1,1,2,Dependency,1,Heard Island and McDonald Islands,HMD,Heard Island and McDonald Islands,HMD,Heard Island and McDonald Islands,HMD,Heard I. and McDonald Is.,Heard I. and McDonald Islands,HMD,Heard I. and McDonald Is.,,H.M.Is.,HM,Territory of Heard Island and McDonald Islands,,Heard Island and McDonald Islands,,1,2,2,7,0,1,2019,0,2016,7. Least developed region,5. Low income,HM,HMD,334,HMD,Seven seas (open ocean),Africa,Seven seas (open ocean),Sub-Saharan Africa,Q131198,Heard Island and McDonald Islands,Islas Heard y McDonald
Admin-0 country,5,6,United Kingdom,GB1,1,2,Dependency,1,Saint Helena,SHN,Saint Helena,SHN,Saint Helena,SHN,Saint Helena,Saint Helena,SHN,Saint Helena,,St.H.,SH,,"Saint Helena, Ascension, and Tristan da Cunha",St. Helena,,6,6,6,3,4534,4,2016,31,2010,6. Developing region,4. Lower middle income,SH,SHN,654,SHN,Seven seas (open ocean),Africa,Western Africa,Sub-Saharan Africa,Q34497,Saint Helena,Isla Santa Elena
Admin-0 country,3,5,Mauritius,MUS,0,2,Sovereign country,1,Mauritius,MUS,Mauritius,MUS,Mauritius,MUS,Mauritius,Mauritius,MUS,Mauritius,,Mus.,MU,Republic of Mauritius,Mauritius,Mauritius,,1,3,5,7,1265711,12,2019,14048,2019,6. Developing region,3. Upper middle income,MU,MUS,480,MUS,Seven seas (open ocean),Africa,Eastern Africa,Sub-Saharan Africa,Q1027,Mauritius,Mauricio
Admin-0 country,3,6,Comoros,COM,0,2,Sovereign country,1,Comoros,COM,Comoros,COM,Comoros,COM,Comoros,Comoros,COM,Comoros,,Com.,KM,Union of the Comoros,Comoros,Comoros,,2,1,4,10,850886,11,2019,1165,2019,7. Least developed region,5. Low income,KM,COM,174,COM,Africa,Africa,Eastern Africa,Sub-Saharan Africa,Q970,Comoros,Comoras
Admin-0 country,3,6,São Tomé and Principe,STP,0,2,Sovereign country,1,São Tomé and Principe,STP,São Tomé and Principe,STP,São Tomé and Principe,STP,São Tomé and Principe,São Tomé and Principe,STP,Sao Tome and Principe,,S.T.P.,ST,Democratic Republic of São Tomé and Principe,Sao Tome and Principe,Sao Tome and Principe,,1,6,1,7,215056,10,2019,418,2019,7. Least developed region,4. Lower middle income,ST,STP,678,STP,Africa,Africa,Middle Africa,Sub-Saharan Africa,Q1039,São Tomé and Príncipe,Santo Tomé y Príncipe
Admin-0 country,3,4,Cabo Verde,CPV,0,2,Sovereign country,1,Cabo Verde,CPV,Cabo Verde,CPV,Cabo Verde,CPV,Cabo Verde,Republic of Cabo Verde,CPV,Cabo Verde,,C.Vd.,CV,Republic of Cabo Verde,Cabo Verde,Cabo Verde,,1,1,4,11,549935,11,2019,1981,2019,6. Developing region,4. Lower middle income,CV,CPV,132,CPV,Africa,Africa,Western Africa,Sub-Saharan Africa,Q1011,Cape Verde,Cabo Verde
Admin-0 country,5,5,Malta,MLT,0,2,Sovereign country,1,Malta,MLT,Malta,MLT,Malta,MLT,Malta,Malta,MLT,Malta,,Malta,M,Republic of Malta,Malta,Malta,,1,4,1,8,502653,11,2019,14989,2019,2. Developed region: nonG7,2. High income: nonOECD,MT,MLT,470,MLT,Europe,Europe,Southern Europe,Middle East & North Africa,Q233,Malta,Malta
Admin-0 country,5,6,United Kingdom,GB1,1,2,Country,1,Jersey,JEY,Jersey,JEY,Jersey,JEY,Jersey,Jersey,JEY,Jersey,Channel Islands,Jey.,JE,Bailiwick of Jersey,Jersey,Jersey,,6,6,6,3,107800,9,2019,5080,2015,2. Developed region: nonG7,2. High income: nonOECD,JE,JEY,832,JEY,Europe,Europe,Northern Europe,Europe & Central Asia,Q785,Jersey,Jersey
Admin-0 country,5,6,United Kingdom,GB1,1,2,Country,1,Guernsey,GGY,Guernsey,GGY,Guernsey,GGY,Guernsey,Guernsey,GGY,Guernsey,Channel Islands,Guern.,GG,Bailiwick of Guernsey,Guernsey,Guernsey,,6,6,6,3,62792,8,2019,3465,2015,2. Developed region: nonG7,2. High income: nonOECD,GG,GGY,831,GGY,Europe,Europe,Northern Europe,Europe & Central Asia,Q25230,Guernsey,Guernsey
Admin-0 country,6,6,United Kingdom,GB1,1,2,Country,1,Isle of Man,IMN,Isle of Man,IMN,Isle of Man,IMN,Isle of Man,Isle of Man,IMN,Isle of Man,,IoMan,IM,,Isle of Man,Isle of Man,,6,6,6,3,84584,8,2019,7491,2018,2. Developed region: nonG7,2. High income: nonOECD,IM,IMN,833,IMN,Europe,Europe,Northern Europe,Europe & Central Asia,Q9676,Isle of Man,Isla de Man
Admin-0 country,3,6,Finland,FI1,1,2,Country,1,Aland,ALD,Aland,ALD,Aland,ALD,Åland,Åland Islands,ALD,Åland,,Åland,AI,Åland Islands,,Aland,,4,1,4,6,29884,7,2019,1563,2016,2. Developed region: nonG7,1. High income: OECD,AX,ALA,248,ALD,Europe,Europe,Northern Europe,Europe & Central Asia,Q5689,Åland,Åland
Admin-0 country,5,6,Denmark,DN1,1,2,Dependency,1,Faroe Islands,FRO,Faroe Islands,FRO,Faroe Islands,FRO,Faeroe Is.,Faeroe Islands,FRO,Faeroe Islands,,Faeroe Is.,FO,Føroyar Is. (Faeroe Is.),Faroe Islands,Faeroe Islands,,4,1,3,12,48678,7,2019,3116,2018,2. Developed region: nonG7,2. High income: nonOECD,FO,FRO,234,FRO,Europe,Europe,Northern Europe,Europe & Central Asia,Q4628,Faroe Islands,Islas Feroe
Admin-0 country,5,5,Australia,AU1,1,2,Dependency,1,Indian Ocean Territories,IOA,Indian Ocean Territories,IOA,Indian Ocean Territories,IOA,Indian Ocean Ter.,Indian Ocean Territories,IOA,Indian Ocean Ter.,,Ind. Oc. Ter.,IOT,,,Indian Ocean Territories,,1,2,2,7,2387,4,2016,35,2016,2. Developed region: nonG7,2. High income: nonOECD,-99,-99,-99,AUS,Asia,Africa,Seven seas (open ocean),East Asia & Pacific,Q4824275,Australian Indian Ocean Territories,Territorios Australianos del Océano Índico
Admin-0 country,5,5,United Kingdom,GB1,1,2,Disputed,1,British Indian Ocean Territory,IOT,British Indian Ocean Territory,IOT,British Indian Ocean Territory,IOT,Br. Indian Ocean Ter.,British Indian Ocean Territory,B69,Br. Indian Ocean Ter.,,I.O.T.,IO,,,British Indian Ocean Territory,,6,6,6,3,3000,4,2018,120,2013,2. Developed region: nonG7,2. High income: nonOECD,IO,IOT,86,B69,Seven seas (open ocean),Africa,Seven seas (open ocean),Sub-Saharan Africa,Q43448,British Indian Ocean Territory,Territorio Británico del Océano Índico
Admin-0 country,3,6,Singapore,SGP,0,2,Sovereign country,1,Singapore,SGP,Singapore,SGP,Singapore,SGP,Singapore,Singapore,SGP,Singapore,,Sing.,SG,Republic of Singapore,Singapore,Singapore,,5,3,7,3,5703569,13,2019,372062,2019,6. Developing region,2. High income: nonOECD,SG,SGP,702,SGP,Asia,Asia,South-Eastern Asia,East Asia & Pacific,Q334,Singapore,Singapur
Admin-0 country,6,5,Australia,AU1,1,2,Dependency,1,Norfolk Island,NFK,Norfolk Island,NFK,Norfolk Island,NFK,Norfolk Island,Norfolk Island,NFK,Norfolk Island,,Nfk. I.,NF,Territory of Norfolk Island,Norfolk Island,Norfolk Island,,1,2,2,7,2169,4,2011,32,2016,6. Developing region,4. Lower middle income,NF,NFK,574,NFK,Oceania,Oceania,Australia and New Zealand,East Asia & Pacific,Q31057,Norfolk Island,Isla Norfolk
Admin-0 country,5,4,New Zealand,NZ1,1,2,Dependency,1,Cook Islands,COK,Cook Islands,COK,Cook Islands,COK,Cook Is.,Cook Islands,COK,Cook Is.,,Cook Is.,CK,,Cook Islands,Cook Islands,,3,3,4,4,17459,6,2016,244,2010,6. Developing region,3. Upper middle income,CK,COK,184,COK,Oceania,Oceania,Polynesia,East Asia & Pacific,Q26988,Cook Islands,Islas Cook
Admin-0 country,5,4,Tonga,TON,0,2,Sovereign country,1,Tonga,TON,Tonga,TON,Tonga,TON,Tonga,Tonga,TON,Tonga,,Tongo,TO,Kingdom of Tonga,Tonga,Tonga,,2,1,1,8,104494,9,2019,512,2019,6. Developing region,4. Lower middle income,TO,TON,776,TON,Oceania,Oceania,Polynesia,East Asia & Pacific,Q678,Tonga,Tonga
Admin-0 country,5,4,France,FR1,1,2,Dependency,1,Wallis and Futuna,WLF,Wallis and Futuna,WLF,Wallis and Futuna,WLF,Wallis and Futuna Is.,Wallis and Futuna Islands,WLF,Wallis and Futuna Islands,,Wlf.,WF,Wallis and Futuna Islands,Wallis and Futuna,Wallis and Futuna,,7,5,9,11,11558,6,2018,60,2016,6. Developing region,4. Lower middle income,WF,WLF,876,WLF,Oceania,Oceania,Polynesia,East Asia & Pacific,Q35555,Wallis and Futuna,Wallis y Futuna
Admin-0 country,3,4,Samoa,WSM,0,2,Sovereign country,1,Samoa,WSM,Samoa,WSM,Samoa,WSM,Samoa,Samoa,WSM,Samoa,,Samoa,WS,Independent State of Samoa,Samoa,Samoa,,3,3,4,6,197097,9,2019,852,2019,7. Least developed region,4. Lower middle income,WS,WSM,882,WSM,Oceania,Oceania,Polynesia,East Asia & Pacific,Q683,Samoa,Samoa
Admin-0 country,1,3,Solomon Islands,SLB,0,2,Sovereign country,1,Solomon Islands,SLB,Solomon Islands,SLB,Solomon Islands,SLB,Solomon Is.,Solomon Islands,SLB,Solomon Is.,,S. Is.,SB,,Solomon Islands,Solomon Islands,,1,4,1,6,669823,11,2019,1589,2019,7. Least developed region,4. Lower middle income,SB,SLB,90,SLB,Oceania,Oceania,Melanesia,East Asia & Pacific,Q685,Solomon Islands,Islas Salomón
Admin-0 country,5,6,Tuvalu,TUV,0,2,Sovereign country,1,Tuvalu,TUV,Tuvalu,TUV,Tuvalu,TUV,Tuvalu,Tuvalu,TUV,Tuvalu,,Tuv.,TV,Tuvalu,Tuvalu,Tuvalu,,1,3,8,5,11646,6,2019,47,2019,7. Least developed region,3. Upper middle income,TV,TUV,798,TUV,Oceania,Oceania,Polynesia,East Asia & Pacific,Q672,Tuvalu,Tuvalu
Admin-0 country,5,5,Maldives,MDV,0,2,Sovereign country,1,Maldives,MDV,Maldives,MDV,Maldives,MDV,Maldives,Maldives,MDV,Maldives,,Mald.,MV,Republic of Maldives,Maldives,Maldives,,2,3,1,7,530953,11,2019,5642,2019,6. Developing region,3. Upper middle income,MV,MDV,462,MDV,Seven seas (open ocean),Asia,Southern Asia,South Asia,Q826,Maldives,Maldivas
Admin-0 country,5,6,Nauru,NRU,0,2,Sovereign country,1,Nauru,NRU,Nauru,NRU,Nauru,NRU,Nauru,Nauru,NRU,Nauru,,Nauru,NR,Republic of Nauru,Nauru,Nauru,,3,7,6,9,12581,6,2019,118,2019,6. Developing region,4. Lower middle income,NR,NRU,520,NRU,Oceania,Oceania,Micronesia,East Asia & Pacific,Q697,Nauru,Nauru
Admin-0 country,5,6,Federated States of Micronesia,FSM,0,2,Sovereign country,1,Federated States of Micronesia,FSM,Federated States of Micronesia,FSM,Federated States of Micronesia,FSM,Micronesia,Federated States of Micronesia,FSM,Micronesia,,F.S.M.,FSM,Federated States of Micronesia,"Micronesia, Federated States of","Micronesia, Federated States of",,5,2,4,13,113815,9,2019,401,2018,6. Developing region,4. Lower middle income,FM,FSM,583,FSM,Oceania,Oceania,Micronesia,East Asia & Pacific,Q702,Federated States of Micronesia,Estados Federados de Micronesia
Admin-0 country,3,4,United Kingdom,GB1,1,2,Dependency,1,South Georgia and the Islands,SGS,South Georgia and the Islands,SGS,South Georgia and the Islands,SGS,S. Geo. and the Is.,South Georgia and the Islands,SGS,S. Geo. and the Is.,,S.G. & Is.,GS,South Georgia and the Islands,,South Georgia and the Islands,,6,6,6,3,30,1,2017,0,2016,7. Least developed region,5. Low income,GS,SGS,239,SGS,Seven seas (open ocean),Americas,Seven seas (open ocean),Antarctica,Q35086,South Georgia and the South Sandwich Islands,Islas Georgias del Sur y Sandwich del Sur
Admin-0 country,1,5,United Kingdom,GB1,1,2,Disputed,1,Falkland Islands,FLK,Falkland Islands,FLK,Falkland Islands,FLK,Falkland Is.,Falkland Islands / Malvinas,B12,Falkland Is.,,Flk. Is.,FK,Falkland Islands,Falkland Islands (Islas Malvinas),Falkland Islands,Islas Malvinas,6,6,6,3,3398,4,2016,282,2012,2. Developed region: nonG7,1. High income: OECD,FK,FLK,238,B12,South America,Americas,South America,Latin America & Caribbean,Q9648,Falkland Islands,Islas Malvinas
Admin-0 country,1,4,Vanuatu,VUT,0,2,Sovereign country,1,Vanuatu,VUT,Vanuatu,VUT,Vanuatu,VUT,Vanuatu,Vanuatu,VUT,Vanuatu,,Van.,VU,Republic of Vanuatu,Vanuatu,Vanuatu,,6,3,7,3,299882,10,2019,934,2019,7. Least developed region,4. Lower middle income,VU,VUT,548,VUT,Oceania,Oceania,Melanesia,East Asia & Pacific,Q686,Vanuatu,Vanuatu
Admin-0 country,5,4,New Zealand,NZ1,1,2,Dependency,1,Niue,NIU,Niue,NIU,Niue,NIU,Niue,Niue,NIU,Niue,,Niue,NU,,Niue,Niue,,3,3,4,4,1620,3,2018,10,2003,6. Developing region,3. Upper middle income,NU,NIU,570,NIU,Oceania,Oceania,Polynesia,East Asia & Pacific,Q34020,Niue,Niue
Admin-0 country,5,4,United States of America,US1,1,2,Dependency,1,American Samoa,ASM,American Samoa,ASM,American Samoa,ASM,American Samoa,American Samoa,ASM,American Samoa,,Am. Samoa,AS,American Samoa,American Samoa,American Samoa,,4,5,1,1,55312,8,2019,636,2018,6. Developing region,3. Upper middle income,AS,ASM,16,ASM,Oceania,Oceania,Polynesia,East Asia & Pacific,Q16641,American Samoa,Samoa Estadounidense
Admin-0 country,5,6,Palau,PLW,0,2,Sovereign country,1,Palau,PLW,Palau,PLW,Palau,PLW,Palau,Palau,PLW,Palau,,Palau,PW,Republic of Palau,Palau,Palau,,2,5,1,12,18008,6,2019,268,2019,6. Developing region,3. Upper middle income,PW,PLW,585,PLW,Oceania,Oceania,Micronesia,East Asia & Pacific,Q695,Palau,Palaos
Admin-0 country,5,6,United States of America,US1,1,2,Dependency,1,Guam,GUM,Guam,GUM,Guam,GUM,Guam,Guam,GUM,Guam,,Guam,GU,Territory of Guam,Guam,Guam,,4,5,1,1,167294,9,2019,5920,2018,6. Developing region,2. High income: nonOECD,GU,GUM,316,GUM,Oceania,Oceania,Micronesia,East Asia & Pacific,Q16635,Guam,Guam
Admin-0 country,5,6,United States of America,US1,1,2,Dependency,1,Northern Mariana Islands,MNP,Northern Mariana Islands,MNP,Northern Mariana Islands,MNP,N. Mariana Is.,Northern Mariana Islands,MNP,N. Mariana Is.,,N.M.I.,MP,Commonwealth of the Northern Mariana Islands,Northern Mariana Islands,Northern Mariana Islands,,4,5,1,1,57216,8,2019,1323,2018,6. Developing region,2. High income: nonOECD,MP,MNP,580,MNP,Oceania,Oceania,Micronesia,East Asia & Pacific,Q16644,Northern Mariana Islands,Islas Marianas del Norte
Admin-0 country,5,4,Bahrain,BHR,0,2,Sovereign country,1,Bahrain,BHR,Bahrain,BHR,Bahrain,BHR,Bahrain,Bahrain,BHR,Bahrain,,Bahr.,BH,Kingdom of Bahrain,Bahrain,Bahrain,,1,1,1,9,1641172,12,2019,38574,2019,6. Developing region,2. High income: nonOECD,BH,BHR,48,BHR,Asia,Asia,Western Asia,Middle East & North Africa,Q398,Bahrain,Baréin
Admin-0 country,6,5,Australia,AU1,1,2,Dependency,1,Coral Sea Islands,CSI,Coral Sea Islands,CSI,Coral Sea Islands,CSI,Coral Sea Is.,Coral Sea Islands,CSI,Coral Sea Is.,,C.S.I.,CS,Coral Sea Islands Territory,,Coral Sea Islands,,1,2,2,7,4,1,2019,0,2016,7. Least developed region,5. Low income,-99,-99,-99,AUS,Oceania,Oceania,Australia and New Zealand,East Asia & Pacific,Q172216,Coral Sea Islands,islas del mar del Coral
Admin-0 country,6,6,Spratly Islands,PGA,0,2,Indeterminate,1,Spratly Islands,PGA,Spratly Islands,PGA,Spratly Islands,PGA,Spratly Is.,Spratly Islands,B46,Spratly Is.,,Spratly Is.,SP,,,Spratly Islands,,3,7,6,-99,100,1,2017,0,2016,7. Least developed region,5. Low income,-99,-99,-99,-99,Asia,Asia,South-Eastern Asia,East Asia & Pacific,Q43296,Wake Island,Isla Wake
Admin-0 country,6,5,France,FR1,1,2,Dependency,1,Clipperton Island,CLP,Clipperton Island,CLP,Clipperton Island,CLP,Clipperton I.,Clipperton Island,CLP,Clipperton I.,,Clp. I.,CI,,,Clipperton Island,,7,5,9,11,0,1,2019,0,2016,7. Least developed region,5. Low income,-99,-99,-99,FRA,Seven seas (open ocean),Americas,Central America,Latin America & Caribbean,Q161258,Clipperton Island,Isla Clipperton
Admin-0 country,0,4,China,CH1,1,2,Country,1,Macao S.A.R,MAC,Macao S.A.R,MAC,Macao S.A.R,MAC,Macao,Macao,MAC,Macao,,Mac.,MO,"Macao Special Administrative Region, PRC",Macau,"Macao SAR, China",,4,4,4,3,640445,11,2019,53859,2019,6. Developing region,2. High income: nonOECD,MO,MAC,446,MAC,Asia,Asia,Eastern Asia,East Asia & Pacific,Q14773,Macau,Macao
Admin-0 country,6,5,Australia,AU1,1,2,Dependency,1,Ashmore and Cartier Islands,ATC,Ashmore and Cartier Islands,ATC,Ashmore and Cartier Islands,ATC,Ashmore and Cartier Is.,Ashmore and Cartier Islands,ATC,Ashmore and Cartier Is.,,A.C.Is.,AU,Territory of Ashmore and Cartier Islands,,Ashmore and Cartier Islands,,1,2,2,7,0,1,2019,0,2019,7. Least developed region,5. Low income,-99,-99,36,AUS,Oceania,Oceania,Australia and New Zealand,East Asia & Pacific,Q133888,Ashmore and Cartier Islands,Islas Ashmore y Cartier
Admin-0 country,6,8,Bajo Nuevo Bank (Petrel Is.),BJN,0,2,Indeterminate,1,Bajo Nuevo Bank (Petrel Is.),BJN,Bajo Nuevo Bank (Petrel Is.),BJN,Bajo Nuevo Bank (Petrel Is.),BJN,Bajo Nuevo Bank,Bajo Nuevo Bank (Petrel Islands),B41,Bajo Nuevo Bank (Petrel Is.),,,,,,Bajo Nuevo Bank (Petrel Is.),,3,7,6,-99,0,1,2019,0,2019,7. Least developed region,5. Low income,-99,-99,-99,-99,North America,Americas,Caribbean,Latin America & Caribbean,Q1257783,Bajo Nuevo Bank,Bajo Nuevo
Admin-0 country,6,5,Serranilla Bank,SER,0,2,Indeterminate,1,Serranilla Bank,SER,Serranilla Bank,SER,Serranilla Bank,SER,Serranilla Bank,Serranilla Bank,B42,Serranilla Bank,,S.B.,SB,,,Serranilla Bank,,3,7,6,-99,0,1,2019,0,2012,7. Least developed region,5. Low income,-99,-99,-99,-99,North America,Americas,Caribbean,Latin America & Caribbean,Q1169008,Serranilla Bank,Isla Serranilla
Admin-0 country,6,6,Scarborough Reef,SCR,0,2,Indeterminate,1,Scarborough Reef,SCR,Scarborough Reef,SCR,Scarborough Reef,SCR,Scarborough Reef,Scarborough Reef,B70,Scarborough Reef,,S.R.,SR,,,,,3,7,6,-99,0,1,2019,0,2016,7. Least developed region,5. Low income,-99,-99,-99,-99,Asia,Asia,South-Eastern Asia,East Asia & Pacific,Q628716,Scarborough Shoal,Bajo de Masinloc
