"id","codimuni","nommuni","areaofi","areapol","codicomar","codiprov","validde","dataalta","habitants","altitud","nomcomar"
1,"080018","Abrera",NULL,"19.9661","11","08",NULL,"201801011500",10244,105,"Baix Llobregat"
2,"080023","Aguilar de Segarra","43.2198","43.2198","07","08","20160727","201707262100",250,480,"Bages"
3,"080039","Alella",NULL,"9.6199","21","08",NULL,"201707262100",9013,90,"Maresme"
4,"080044","Alpens","13.7788","13.7788","24","08","20171213","201801011500",307,855,"Osona"
5,"080057","l'Ametlla del Vallès",NULL,"14.0251","41","08",NULL,"201707262100",7517,281,"Vallès Oriental"
6,"080060","Arenys de Mar",NULL,"6.4728","21","08",NULL,"201707262100",14016,10,"Maresme"
7,"080076","Arenys de Munt",NULL,"21.6813","21","08",NULL,"201707262100",7721,121,"Maresme"
8,"080082","Argençola",NULL,"47.3823","06","08",NULL,"201707262100",209,716,"Anoia"
9,"080095","Argentona",NULL,"25.3179","21","08",NULL,"201707262100",11161,88,"Maresme"
10,"080109","Artés",NULL,"18.0733","07","08",NULL,"201707262100",5072,316,"Bages"
11,"080116","Avià","27.1686","27.1686","14","08","20170426","201707262100",2058,677,"Berguedà"
12,"080121","Avinyó","63.5617","63.5617","07","08","20170726","201707262100",2122,353,"Bages"
13,"080137","Avinyonet del Penedès",NULL,"29.1471","03","08",NULL,"201707262100",1591,280,"Alt Penedès"
14,"080142","Aiguafreda","7.9335","7.9335","41","08","20150429","201707262100",2373,404,"Vallès Oriental"
15,"080155","Badalona",NULL,"21.0989","13","08",NULL,"201707262100",221520,6,"Barcelonès"
16,"080168","Bagà",NULL,"43.0291","14","08",NULL,"201707262100",2178,785,"Berguedà"
17,"080174","Balenyà","17.2358","17.2358","24","08","20160505","201707262100",3479,587,"Osona"
18,"080180","Balsareny",NULL,"36.6785","07","08",NULL,"201707262100",3310,327,"Bages"
19,"080193","Barcelona",NULL,"101.7208","13","08",NULL,"201707262100",1605602,9,"Barcelonès"
20,"080207","Begues",NULL,"50.4306","11","08",NULL,"201801011500",5699,399,"Baix Llobregat"
21,"080214","Bellprat",NULL,"31.1637","06","08",NULL,"201801011500",99,653,"Anoia"
22,"080229","Berga","22.3751","22.3751","14","08","20170426","201707262100",16457,704,"Berguedà"
23,"080235","Bigues i Riells",NULL,"28.6665","41","08",NULL,"201707262100",7564,307,"Vallès Oriental"
24,"080240","Borredà","43.3751","43.3751","14","08","20160727","201707262100",530,854,"Berguedà"
25,"080253","el Bruc",NULL,"47.3828","06","08",NULL,"201707262100",1655,489,"Anoia"
26,"080266","el Brull","41.1557","41.1557","24","08","20141022","201707262100",219,843,"Osona"
27,"080272","les Cabanyes",NULL,"1.1504","03","08",NULL,"201707262100",791,252,"Alt Penedès"
28,"080288","Cabrera d'Anoia","17.0827","17.0827","06","08","20130529","201707262100",1059,299,"Anoia"
29,"080291","Cabrera de Mar",NULL,"8.9359","21","08",NULL,"201707262100",4174,104,"Maresme"
30,"080305","Cabrils",NULL,"6.963","21","08",NULL,"201707262100",6536,147,"Maresme"
31,"080312","Calaf",NULL,"9.2446","06","08",NULL,"201707262100",3352,680,"Anoia"
32,"080327","Caldes d'Estrac",NULL,"0.8469","21","08",NULL,"201707262100",2607,33,"Maresme"
33,"080333","Caldes de Montbui",NULL,"37.5127","41","08",NULL,"201707262100",15941,203,"Vallès Oriental"
34,"080348","Calders","32.9913","32.9913","42","08","20160727","201707262100",833,552,"Moianès"
35,"080351","Calella",NULL,"8.0108","21","08",NULL,"201801011500",17673,5,"Maresme"
36,"080364","Calonge de Segarra","37.1128","37.1128","06","08","20141022","201707262100",205,643,"Anoia"
37,"080370","Calldetenes","5.7153","5.7153","24","08","20160505","201707262100",2214,489,"Osona"
38,"080386","Callús","12.3870","12.387","07","08","20160505","201707262100",1577,260,"Bages"
39,"080399","Campins",NULL,"7.3028","41","08",NULL,"201707262100",363,321,"Vallès Oriental"
40,"080403","Canet de Mar",NULL,"5.5368","21","08",NULL,"201707262100",12766,15,"Maresme"
41,"080410","Canovelles",NULL,"6.8042","41","08",NULL,"201707262100",15012,175,"Vallès Oriental"
42,"080425","Cànoves i Samalús",NULL,"29.1378","41","08",NULL,"201801011500",2490,346,"Vallès Oriental"
43,"080431","Canyelles",NULL,"14.0536","17","08",NULL,"201707262100",3440,142,"Garraf"
44,"080446","Capellades","2.92","2.92","06","08","20101215","201707262100",5383,317,"Anoia"
45,"080459","Capolat",NULL,"34.3476","14","08",NULL,"201801011500",72,1279,"Berguedà"
46,"080462","Cardedeu",NULL,"12.279","41","08",NULL,"201707262100",15561,193,"Vallès Oriental"
47,"080478","Cardona","66.3923","66.3923","07","08","20160505","201707262100",5226,507,"Bages"
48,"080484","Carme","11.3250","11.325","06","08","20160505","201707262100",752,351,"Anoia"
49,"080497","Casserres",NULL,"29.1709","14","08",NULL,"201707262100",1586,611,"Berguedà"
50,"080500","Castellar del Riu",NULL,"32.8594","14","08",NULL,"201801011500",148,920,"Berguedà"
51,"080517","Castellar del Vallès","45.0705","45.0705","40","08","20170426","201707262100",21335,331,"Vallès Occidental"
52,"080522","Castellar de n'Hug","46.8524","46.8524","14","08","20170726","201707262100",198,1395,"Berguedà"
53,"080538","Castellbell i el Vilar","28.4659","28.4659","07","08","20170726","201707262100",3369,178,"Bages"
54,"080543","Castellbisbal","30.96","30.96","40","08","20111214","201707262100",11272,132,"Vallès Occidental"
55,"080556","Castellcir","33.9376","33.9376","42","08","20171213","201801011500",575,773,"Moianès"
56,"080569","Castelldefels",NULL,"13.0245","11","08",NULL,"201707262100",58663,3,"Baix Llobregat"
57,"080575","Castell de l'Areny","24.5985","24.5985","14","08","20170726","201707262100",68,954,"Berguedà"
58,"080581","Castellet i la Gornal",NULL,"46.885","03","08",NULL,"201707262100",1919,137,"Alt Penedès"
59,"080594","Castellfollit del Boix","59.3555","59.3555","07","08","20160505","201707262100",407,700,"Bages"
60,"080608","Castellfollit de Riubregós","26.2786","26.2786","06","08","20141022","201707262100",201,467,"Anoia"
61,"080615","Castellgalí",NULL,"17.1557","07","08",NULL,"201707262100",1436,266,"Bages"
62,"080620","Castellnou de Bages","29.1210","29.121","07","08","20160505","201707262100",837,469,"Bages"
63,"080636","Castellolí","25.34","25.34","06","08","20101117","201707262100",460,415,"Anoia"
64,"080641","Castellterçol","31.9423","31.9423","42","08","20171213","201801011500",2202,726,"Moianès"
65,"080654","Castellví de la Marca",NULL,"28.6828","03","08",NULL,"201707262100",1603,198,"Alt Penedès"
66,"080667","Castellví de Rosanes",NULL,"16.392","11","08",NULL,"201801011500",1505,178,"Baix Llobregat"
67,"080673","Centelles","15.3398","15.3398","24","08","20150429","201707262100",6671,496,"Osona"
68,"080689","Cervelló",NULL,"24.0858","11","08",NULL,"201707262100",7674,122,"Baix Llobregat"
69,"080692","Collbató","18.06","18.06","11","08","20111214","201707262100",3576,388,"Baix Llobregat"
70,"080706","Collsuspina","15.1276","15.1276","42","08","20160505","201707262100",316,901,"Moianès"
71,"080713","Copons","18.69","18.69","06","08","20111214","201707262100",289,432,"Anoia"
72,"080728","Corbera de Llobregat",NULL,"18.3358","11","08",NULL,"201801011500",12805,342,"Baix Llobregat"
73,"080734","Cornellà de Llobregat",NULL,"6.9871","11","08",NULL,"201707262100",84289,27,"Baix Llobregat"
74,"080749","Cubelles",NULL,"13.5442","17","08",NULL,"201707262100",11835,12,"Garraf"
75,"080752","Dosrius",NULL,"40.6325","21","08",NULL,"201707262100",4469,147,"Maresme"
76,"080765","Esparreguera","27.3013","27.3013","11","08","20160505","201707262100",21145,187,"Baix Llobregat"
77,"080771","Esplugues de Llobregat",NULL,"4.4987","11","08",NULL,"201707262100",46808,110,"Baix Llobregat"
78,"080787","l'Espunyola",NULL,"35.684","14","08",NULL,"201801011500",272,803,"Berguedà"
79,"080790","l'Estany","10.2438","10.2438","42","08","20160505","201707262100",383,870,"Moianès"
80,"080804","Fígols","29.3929","29.3929","14","08","20170726","201707262100",42,1154,"Berguedà"
81,"080811","Fogars de Montclús",NULL,"40.164","41","08",NULL,"201707262100",437,386,"Vallès Oriental"
82,"080826","Fogars de la Selva",NULL,"32.171","34","08",NULL,"201707262100",1338,45,"Selva"
83,"080832","Folgueroles",NULL,"10.9463","24","08",NULL,"201707262100",1983,552,"Osona"
84,"080847","Fonollosa","52.4796","52.4796","07","08","20170726","201707262100",1280,525,"Bages"
85,"080850","Font-rubí",NULL,"37.134","03","08",NULL,"201707262100",1394,319,"Alt Penedès"
86,"080863","les Franqueses del Vallès",NULL,"29.3467","41","08",NULL,"201801011500",15817,181,"Vallès Oriental"
87,"080879","Gallifa",NULL,"16.1955","40","08",NULL,"201801011500",216,502,"Vallès Occidental"
88,"080885","la Garriga",NULL,"19.0706","41","08",NULL,"201801011500",13942,252,"Vallès Oriental"
89,"080898","Gavà",NULL,"30.6571","11","08",NULL,"201707262100",44531,9,"Baix Llobregat"
90,"080902","Gaià","39.3429","39.3429","07","08","20170726","201707262100",154,481,"Bages"
91,"080919","Gelida",NULL,"26.7152","03","08",NULL,"201707262100",5976,196,"Alt Penedès"
92,"080924","Gironella",NULL,"6.8654","14","08",NULL,"201707262100",4786,469,"Berguedà"
93,"080930","Gisclareny",NULL,"36.6804","14","08",NULL,"201707262100",33,1340,"Berguedà"
94,"080945","la Granada",NULL,"6.4531","03","08",NULL,"201707262100",1754,272,"Alt Penedès"
95,"080958","Granera",NULL,"23.7058","42","08",NULL,"201801011500",75,782,"Moianès"
96,"080961","Granollers",NULL,"14.9722","41","08",NULL,"201707262100",58940,145,"Vallès Oriental"
97,"080977","Gualba",NULL,"23.0711","41","08",NULL,"201707262100",1048,177,"Vallès Oriental"
98,"080983","Sant Salvador de Guardiola","37.0937","37.0937","07","08","20160505","201707262100",2863,334,"Bages"
99,"080996","Guardiola de Berguedà",NULL,"61.757","14","08",NULL,"201707262100",931,720,"Berguedà"
100,"081000","Gurb",NULL,"51.1291","24","08",NULL,"201707262100",2296,516,"Osona"
101,"081017","l'Hospitalet de Llobregat",NULL,"12.5418","13","08",NULL,"201707262100",248150,8,"Barcelonès"
102,"081022","Igualada","8.1999","8.1999","06","08","20150128","201707262100",36817,313,"Anoia"
103,"081038","Jorba","31.0492","31.0492","06","08","20150128","201707262100",714,380,"Anoia"
104,"081043","la Llacuna",NULL,"52.3546","06","08",NULL,"201707262100",860,615,"Anoia"
105,"081056","la Llagosta",NULL,"3.0197","41","08",NULL,"201707262100",13674,45,"Vallès Oriental"
106,"081069","Llinars del Vallès",NULL,"27.7234","41","08",NULL,"201707262100",8425,198,"Vallès Oriental"
107,"081075","Lliçà d'Amunt",NULL,"22.3298","41","08",NULL,"201707262100",12938,145,"Vallès Oriental"
108,"081081","Lliçà de Vall",NULL,"10.7775","41","08",NULL,"201707262100",6033,125,"Vallès Oriental"
109,"081094","Lluçà",NULL,"53.3565","24","08",NULL,"201801011500",253,745,"Osona"
110,"081108","Malgrat de Mar",NULL,"8.7525","21","08",NULL,"201801011500",17531,4,"Maresme"
111,"081115","Malla",NULL,"10.9619","24","08",NULL,"201707262100",257,580,"Osona"
112,"081120","Manlleu",NULL,"17.2339","24","08",NULL,"201707262100",19979,461,"Osona"
113,"081136","Manresa","41.6388","41.6388","07","08","20170726","201707262100",71772,238,"Bages"
114,"081141","Martorell",NULL,"12.7667","11","08",NULL,"201801011500",26170,56,"Baix Llobregat"
115,"081154","Martorelles",NULL,"3.6217","41","08",NULL,"201707262100",4938,96,"Vallès Oriental"
116,"081167","les Masies de Roda",NULL,"16.1325","24","08",NULL,"201707262100",742,468,"Osona"
117,"081173","les Masies de Voltregà",NULL,"22.1355","24","08",NULL,"201707262100",3125,533,"Osona"
118,"081189","el Masnou",NULL,"3.4798","21","08",NULL,"201707262100",21833,27,"Maresme"
119,"081192","Masquefa","17.14","17.14","06","08","20101117","201707262100",7414,257,"Anoia"
120,"081206","Matadepera",NULL,"25.2727","40","08",NULL,"201801011500",8169,423,"Vallès Occidental"
121,"081213","Mataró",NULL,"22.4226","21","08",NULL,"201707262100",118748,28,"Maresme"
122,"081228","Mediona",NULL,"47.9697","03","08",NULL,"201707262100",2083,430,"Alt Penedès"
123,"081234","Molins de Rei",NULL,"15.7255","11","08",NULL,"201801011500",23374,37,"Baix Llobregat"
124,"081249","Mollet del Vallès",NULL,"10.8463","41","08",NULL,"201707262100",51713,65,"Vallès Oriental"
125,"081252","Montcada i Reixac",NULL,"23.5455","40","08",NULL,"201707262100",32153,36,"Vallès Occidental"
126,"081265","Montgat",NULL,"2.8728","21","08",NULL,"201707262100",9427,20,"Maresme"
127,"081271","Monistrol de Montserrat","11.9055","11.9055","07","08","20141022","201707262100",2840,161,"Bages"
128,"081287","Monistrol de Calders",NULL,"21.9776","42","08",NULL,"201801011500",691,447,"Moianès"
129,"081290","Muntanyola","40.4734","40.4734","24","08","20150730","201707262100",464,807,"Osona"
130,"081304","Montclar",NULL,"21.9061","14","08",NULL,"201707262100",116,728,"Berguedà"
131,"081311","Montesquiu","4.8438","4.8438","24","08","20150429","201707262100",875,577,"Osona"
132,"081326","Montmajor",NULL,"76.358","14","08",NULL,"201707262100",463,756,"Berguedà"
133,"081332","Montmaneu",NULL,"13.5235","06","08",NULL,"201707262100",201,709,"Anoia"
134,"081347","Figaró-Montmany",NULL,"14.7892","41","08",NULL,"201707262100",1019,330,"Vallès Oriental"
135,"081350","Montmeló",NULL,"3.9113","41","08",NULL,"201707262100",8921,72,"Vallès Oriental"
136,"081363","Montornès del Vallès",NULL,"10.2781","41","08",NULL,"201707262100",14516,116,"Vallès Oriental"
137,"081379","Montseny",NULL,"26.6302","41","08",NULL,"201707262100",299,528,"Vallès Oriental"
138,"081385","Moià","75.5357","75.5357","42","08","20170726","201707262100",5399,717,"Moianès"
139,"081398","Mura",NULL,"47.8808","07","08",NULL,"201801011500",233,454,"Bages"
140,"081402","Navarcles","5.5145","5.5145","07","08","20170726","201707262100",5723,269,"Bages"
141,"081419","Navàs",NULL,"80.625","07","08",NULL,"201707262100",5810,370,"Bages"
142,"081424","la Nou de Berguedà",NULL,"25.0981","14","08",NULL,"201801011500",162,876,"Berguedà"
143,"081430","Òdena","52.0926","52.0926","06","08","20150128","201707262100",3100,421,"Anoia"
144,"081445","Olvan",NULL,"35.6447","14","08",NULL,"201707262100",922,553,"Berguedà"
145,"081458","Olèrdola",NULL,"29.9766","03","08",NULL,"201707262100",3084,189,"Alt Penedès"
146,"081461","Olesa de Bonesvalls",NULL,"30.9932","03","08",NULL,"201707262100",1506,265,"Alt Penedès"
147,"081477","Olesa de Montserrat","16.6260","16.626","11","08","20171213","201801011500",21714,124,"Baix Llobregat"
148,"081483","Olivella",NULL,"38.7788","17","08",NULL,"201801011500",2515,211,"Garraf"
149,"081496","Olost",NULL,"29","24","08",NULL,"201707262100",1187,572,"Osona"
150,"081509","Orís","27.0215","27.0215","24","08","20131016","201707262100",284,576,"Osona"
151,"081516","Oristà",NULL,"68.6336","24","08",NULL,"201707262100",593,468,"Osona"
152,"081521","Orpí","15.3009","15.3009","06","08","20170726","201707262100",190,375,"Anoia"
153,"081537","Òrrius",NULL,"5.5704","21","08",NULL,"201707262100",295,259,"Maresme"
154,"081542","Pacs del Penedès",NULL,"6.111","03","08",NULL,"201707262100",787,201,"Alt Penedès"
155,"081555","Palafolls",NULL,"16.5042","21","08",NULL,"201801011500",7583,16,"Maresme"
156,"081568","Palau-solità i Plegamans",NULL,"14.9053","40","08",NULL,"201707262100",13310,130,"Vallès Occidental"
157,"081574","Pallejà",NULL,"8.4283","11","08",NULL,"201801011500",10535,41,"Baix Llobregat"
158,"081580","el Papiol","8.8475","8.8475","11","08","20141022","201707262100",3733,135,"Baix Llobregat"
159,"081593","Parets del Vallès",NULL,"9.117","41","08",NULL,"201707262100",16413,98,"Vallès Oriental"
160,"081607","Perafita",NULL,"19.6906","24","08",NULL,"201707262100",379,754,"Osona"
161,"081614","Piera","57.1897","57.1897","06","08","20130529","201707262100",12951,324,"Anoia"
162,"081629","els Hostalets de Pierola",NULL,"33.3867","06","08",NULL,"201801011500",2003,361,"Anoia"
163,"081635","Pineda de Mar",NULL,"10.1826","21","08",NULL,"201801011500",25504,10,"Maresme"
164,"081640","el Pla del Penedès",NULL,"9.3895","03","08",NULL,"201707262100",931,216,"Alt Penedès"
165,"081653","la Pobla de Claramunt","18.54","18.54","06","08","20101117","201707262100",2112,265,"Anoia"
166,"081666","la Pobla de Lillet",NULL,"51.5343","14","08",NULL,"201707262100",1327,843,"Berguedà"
167,"081672","Polinyà",NULL,"9.0125","40","08",NULL,"201707262100",6764,123,"Vallès Occidental"
168,"081688","Pontons",NULL,"25.7546","03","08",NULL,"201707262100",498,584,"Alt Penedès"
169,"081691","el Prat de Llobregat",NULL,"33.4594","11","08",NULL,"201707262100",63069,8,"Baix Llobregat"
170,"081705","els Prats de Rei","26.0131","26.0131","06","08","20150429","201707262100",532,608,"Anoia"
171,"081712","Prats de Lluçanès",NULL,"13.543","24","08",NULL,"201707262100",2753,707,"Osona"
172,"081727","Premià de Mar",NULL,"2.1165","21","08",NULL,"201707262100",27860,8,"Maresme"
173,"081748","Puigdàlber",NULL,"0.6239","03","08",NULL,"201707262100",377,239,"Alt Penedès"
174,"081751","Puig-reig",NULL,"45.8626","14","08",NULL,"201707262100",4202,455,"Berguedà"
175,"081764","Pujalt",NULL,"31.5027","06","08",NULL,"201707262100",203,770,"Anoia"
176,"081770","la Quar",NULL,"38.0904","14","08",NULL,"201707262100",61,885,"Berguedà"
177,"081786","Rajadell","45.5254","45.5254","07","08","20170726","201707262100",467,361,"Bages"
178,"081799","Rellinars",NULL,"17.8302","40","08",NULL,"201801011500",653,322,"Vallès Occidental"
179,"081803","Ripollet",NULL,"4.3077","40","08",NULL,"201707262100",35427,79,"Vallès Occidental"
180,"081810","la Roca del Vallès",NULL,"36.8904","41","08",NULL,"201707262100",9418,123,"Vallès Oriental"
181,"081825","el Pont de Vilomara i Rocafort",NULL,"27.3584","07","08",NULL,"201707262100",3310,202,"Bages"
182,"081831","Roda de Ter","2.23","2.23","24","08","20040325","201707262100",5535,443,"Osona"
183,"081846","Rubí",NULL,"32.248","40","08",NULL,"201707262100",70006,123,"Vallès Occidental"
184,"081859","Rubió","48.00","48","06","08","20120620","201707262100",146,629,"Anoia"
185,"081878","Sabadell",NULL,"37.8493","40","08",NULL,"201707262100",200545,190,"Vallès Occidental"
186,"081884","Sagàs",NULL,"44.7662","14","08",NULL,"201707262100",143,738,"Berguedà"
187,"081897","Sant Pere Sallavinera","22.02","22.02","06","08","20101117","201707262100",171,588,"Anoia"
188,"081901","Saldes",NULL,"66.6059","14","08",NULL,"201707262100",326,1215,"Berguedà"
189,"081918","Sallent",NULL,"64.9442","07","08",NULL,"201707262100",7146,278,"Bages"
190,"081923","Santpedor","16.7291","16.7291","07","08","20170726","201707262100",6263,336,"Bages"
191,"081939","Sant Iscle de Vallalta",NULL,"17.869","21","08",NULL,"201707262100",1166,129,"Maresme"
192,"081944","Sant Adrià de Besòs",NULL,"3.7977","13","08",NULL,"201707262100",32585,14,"Barcelonès"
193,"081957","Sant Agustí de Lluçanès","13.5722","13.5722","24","08","20170726","201707262100",107,816,"Osona"
194,"081960","Sant Andreu de la Barca","5.6202","5.6202","11","08","20160727","201707262100",25383,42,"Baix Llobregat"
195,"081976","Sant Andreu de Llavaneres",NULL,"11.8909","21","08",NULL,"201707262100",9463,114,"Maresme"
196,"081982","Sant Antoni de Vilamajor",NULL,"13.8094","41","08",NULL,"201707262100",4877,258,"Vallès Oriental"
197,"081995","Sant Bartomeu del Grau","34.6333","34.6333","24","08","20160505","201707262100",1001,868,"Osona"
198,"082009","Sant Boi de Llobregat",NULL,"21.4276","11","08",NULL,"201707262100",81368,30,"Baix Llobregat"
199,"082016","Sant Boi de Lluçanès",NULL,"20.0492","24","08",NULL,"201707262100",575,813,"Osona"
200,"082021","Sant Celoni",NULL,"65.3138","41","08",NULL,"201707262100",15544,152,"Vallès Oriental"
201,"082037","Sant Cebrià de Vallalta",NULL,"15.4997","21","08",NULL,"201707262100",2873,71,"Maresme"
202,"082042","Sant Climent de Llobregat",NULL,"10.7415","11","08",NULL,"201707262100",3516,87,"Baix Llobregat"
203,"082055","Sant Cugat del Vallès",NULL,"48.2456","40","08",NULL,"201707262100",73774,124,"Vallès Occidental"
204,"082068","Sant Cugat Sesgarrigues",NULL,"6.2822","03","08",NULL,"201707262100",890,266,"Alt Penedès"
205,"082074","Sant Esteve de Palautordera",NULL,"10.6408","41","08",NULL,"201707262100",2079,231,"Vallès Oriental"
206,"082080","Sant Esteve Sesrovires",NULL,"18.5539","11","08",NULL,"201801011500",6590,183,"Baix Llobregat"
207,"082093","Sant Fost de Campsentelles",NULL,"13.1743","41","08",NULL,"201707262100",7409,112,"Vallès Oriental"
208,"082107","Sant Feliu de Codines",NULL,"14.9379","41","08",NULL,"201707262100",5412,480,"Vallès Oriental"
209,"082114","Sant Feliu de Llobregat",NULL,"11.9322","11","08",NULL,"201707262100",42486,25,"Baix Llobregat"
210,"082129","Sant Feliu Sasserra",NULL,"23.0494","07","08",NULL,"201707262100",622,617,"Bages"
211,"082135","Sant Fruitós de Bages",NULL,"22.1324","07","08",NULL,"201707262100",7199,247,"Bages"
212,"082140","Vilassar de Dalt",NULL,"9.0169","21","08",NULL,"201707262100",8334,142,"Maresme"
213,"082153","Sant Hipòlit de Voltregà",NULL,"0.9194","24","08",NULL,"201707262100",3319,536,"Osona"
214,"082166","Sant Jaume de Frontanyà","21.2710","21.271","14","08","20150128","201707262100",32,1072,"Berguedà"
215,"082172","Sant Joan Despí",NULL,"6.2232","11","08",NULL,"201801011500",31485,10,"Baix Llobregat"
216,"082188","Sant Joan de Vilatorrada","16.4246","16.4246","07","08","20170726","201707262100",10362,277,"Bages"
217,"082191","Vilassar de Mar",NULL,"3.9819","21","08",NULL,"201707262100",19051,10,"Maresme"
218,"082205","Sant Julià de Vilatorta",NULL,"16.1658","24","08",NULL,"201707262100",2809,600,"Osona"
219,"082212","Sant Just Desvern",NULL,"7.7765","11","08",NULL,"201707262100",15327,122,"Baix Llobregat"
220,"082227","Sant Llorenç d'Hortons",NULL,"19.6887","03","08",NULL,"201707262100",2126,196,"Alt Penedès"
221,"082233","Sant Llorenç Savall",NULL,"41.285","40","08",NULL,"201801011500",2271,466,"Vallès Occidental"
222,"082248","Sant Martí de Centelles","25.8741","25.8741","24","08","20141022","201707262100",907,406,"Osona"
223,"082251","Sant Martí d'Albars",NULL,"14.7023","24","08",NULL,"201707262100",114,629,"Osona"
224,"082264","Sant Martí de Tous","38.9412","38.9412","06","08","20160727","201707262100",1101,465,"Anoia"
225,"082270","Sant Martí Sarroca",NULL,"35.2443","03","08",NULL,"201707262100",2849,291,"Alt Penedès"
226,"082286","Sant Martí Sesgueioles","3.8636","3.8636","06","08","20131016","201707262100",361,646,"Anoia"
227,"082299","Sant Mateu de Bages","102.1706","102.1706","07","08","20170726","201707262100",661,569,"Bages"
228,"082303","Premià de Dalt",NULL,"6.477","21","08",NULL,"201707262100",9890,142,"Maresme"
229,"082310","Sant Pere de Ribes",NULL,"40.8538","17","08",NULL,"201707262100",26859,44,"Garraf"
230,"082325","Sant Pere de Riudebitlles",NULL,"5.3524","03","08",NULL,"201707262100",2246,246,"Alt Penedès"
231,"082331","Sant Pere de Torelló","54.9573","54.9573","24","08","20140212","201707262100",2264,621,"Osona"
232,"082346","Sant Pere de Vilamajor",NULL,"34.3458","41","08",NULL,"201707262100",3578,305,"Vallès Oriental"
233,"082359","Sant Pol de Mar",NULL,"7.5169","21","08",NULL,"201707262100",4773,15,"Maresme"
234,"082362","Sant Quintí de Mediona",NULL,"13.8001","03","08",NULL,"201707262100",2039,326,"Alt Penedès"
235,"082378","Sant Quirze de Besora","8.1521","8.1521","24","08","20150429","201707262100",2069,587,"Osona"
236,"082384","Sant Quirze del Vallès",NULL,"14.0848","40","08",NULL,"201707262100",17138,188,"Vallès Occidental"
237,"082397","Sant Quirze Safaja",NULL,"25.9971","42","08",NULL,"201801011500",579,627,"Moianès"
238,"082401","Sant Sadurní d'Anoia",NULL,"18.9478","03","08",NULL,"201707262100",11617,162,"Alt Penedès"
239,"082418","Sant Sadurní d'Osormort","30.6645","30.6645","24","08","20160505","201707262100",89,531,"Osona"
240,"082423","Marganell","13.3455","13.3455","07","08","20141022","201707262100",288,291,"Bages"
241,"082439","Santa Cecília de Voltregà",NULL,"8.6088","24","08",NULL,"201707262100",199,519,"Osona"
242,"082444","Santa Coloma de Cervelló",NULL,"7.4156","11","08",NULL,"201801011500",7314,73,"Baix Llobregat"
243,"082457","Santa Coloma de Gramenet",NULL,"7.0351","13","08",NULL,"201707262100",119056,56,"Barcelonès"
244,"082460","Santa Eugènia de Berga","6.9798","6.9798","24","08","20141022","201707262100",2178,538,"Osona"
245,"082476","Santa Eulàlia de Riuprimer","13.8908","13.8908","24","08","20160505","201707262100",926,568,"Osona"
246,"082482","Santa Eulàlia de Ronçana",NULL,"14.1139","41","08",NULL,"201707262100",6111,162,"Vallès Oriental"
247,"082495","Santa Fe del Penedès","3.3760","3.376","03","08","20170726","201707262100",350,240,"Alt Penedès"
248,"082508","Santa Margarida de Montbui","27.6030","27.603","06","08","20160727","201707262100",9715,316,"Anoia"
249,"082515","Santa Margarida i els Monjos",NULL,"17.4416","03","08",NULL,"201707262100",6221,161,"Alt Penedès"
250,"082520","Barberà del Vallès",NULL,"8.2031","40","08",NULL,"201707262100",28633,146,"Vallès Occidental"
251,"082536","Santa Maria de Besora","24.9140","24.914","24","08","20130529","201707262100",187,866,"Osona"
252,"082541","l'Esquirol",NULL,"61.7969","24","08",NULL,"201707262100",2239,693,"Osona"
253,"082554","Santa Maria de Merlès",NULL,"51.3053","14","08",NULL,"201707262100",152,532,"Berguedà"
254,"082567","Santa Maria de Martorelles",NULL,"4.4545","41","08",NULL,"201707262100",788,181,"Vallès Oriental"
255,"082573","Santa Maria de Miralles",NULL,"25.2471","06","08",NULL,"201707262100",128,543,"Anoia"
256,"082589","Santa Maria d'Oló","66.0811","66.0811","42","08","20170726","201707262100",1072,542,"Moianès"
257,"082592","Santa Maria de Palautordera",NULL,"16.9738","41","08",NULL,"201707262100",8099,208,"Vallès Oriental"
258,"082606","Santa Perpètua de Mogoda",NULL,"15.5248","40","08",NULL,"201707262100",21644,74,"Vallès Occidental"
259,"082613","Santa Susanna",NULL,"12.6366","21","08",NULL,"201801011500",2939,10,"Maresme"
260,"082628","Sant Vicenç de Castellet",NULL,"17.2984","07","08",NULL,"201801011500",7835,176,"Bages"
261,"082634","Sant Vicenç dels Horts",NULL,"9.3051","11","08",NULL,"201801011500",27019,22,"Baix Llobregat"
262,"082649","Sant Vicenç de Montalt",NULL,"7.9901","21","08",NULL,"201707262100",5127,143,"Maresme"
263,"082652","Sant Vicenç de Torelló","6.5878","6.5878","24","08","20150730","201707262100",1911,555,"Osona"
264,"082665","Cerdanyola del Vallès",NULL,"30.8307","40","08",NULL,"201707262100",57959,82,"Vallès Occidental"
265,"082671","Sentmenat",NULL,"28.4516","40","08",NULL,"201707262100",7209,207,"Vallès Occidental"
266,"082687","Cercs","47.0173","47.0173","14","08","20160727","201707262100",1333,650,"Berguedà"
267,"082690","Seva",NULL,"30.4659","24","08",NULL,"201707262100",3099,663,"Osona"
268,"082704","Sitges",NULL,"43.9894","17","08",NULL,"201707262100",25642,10,"Garraf"
269,"082711","Sobremunt",NULL,"13.8322","24","08",NULL,"201707262100",102,881,"Osona"
270,"082726","Sora","30.8421","30.8421","24","08","20150429","201707262100",193,716,"Osona"
271,"082732","Subirats",NULL,"55.6078","03","08",NULL,"201707262100",2943,243,"Alt Penedès"
272,"082747","Súria","23.6008","23.6008","07","08","20160505","201707262100",6290,326,"Bages"
273,"082750","Tavèrnoles","18.8823","18.8823","24","08","20160505","201707262100",300,537,"Osona"
274,"082763","Tagamanent","43.4706","43.4706","41","08","20141022","201707262100",282,354,"Vallès Oriental"
275,"082779","Talamanca",NULL,"29.3062","07","08",NULL,"201801011500",134,552,"Bages"
276,"082785","Taradell",NULL,"26.58","24","08",NULL,"201707262100",5764,623,"Osona"
277,"082798","Terrassa",NULL,"70.1858","40","08",NULL,"201801011500",199817,277,"Vallès Occidental"
278,"082802","Tavertet","32.7661","32.7661","24","08","20150730","201707262100",155,869,"Osona"
279,"082819","Teià",NULL,"6.7005","21","08",NULL,"201707262100",5867,128,"Maresme"
280,"082824","Tiana",NULL,"7.8968","21","08",NULL,"201707262100",7305,136,"Maresme"
281,"082830","Tona",NULL,"16.3938","24","08",NULL,"201707262100",7328,596,"Osona"
282,"082845","Tordera",NULL,"84.5765","21","08",NULL,"201801011500",13420,34,"Maresme"
283,"082858","Torelló","13.5064","13.5064","24","08","20150730","201707262100",13269,508,"Osona"
284,"082861","la Torre de Claramunt","14.94","14.94","06","08","20111214","201707262100",3298,363,"Anoia"
285,"082877","Torrelavit",NULL,"23.7561","03","08",NULL,"201707262100",1232,202,"Alt Penedès"
286,"082883","Torrelles de Foix",NULL,"37.0203","03","08",NULL,"201707262100",2252,367,"Alt Penedès"
287,"082896","Torrelles de Llobregat",NULL,"13.5305","11","08",NULL,"201707262100",4861,126,"Baix Llobregat"
288,"082900","Ullastrell",NULL,"7.3494","40","08",NULL,"201707262100",1529,342,"Vallès Occidental"
289,"082917","Vacarisses",NULL,"40.6264","40","08",NULL,"201801011500",5094,382,"Vallès Occidental"
290,"082922","Vallbona d'Anoia","6.43","6.43","06","08","20101215","201707262100",1311,289,"Anoia"
291,"082938","Vallcebre","28.0453","28.0453","14","08","20130529","201707262100",276,1123,"Berguedà"
292,"082943","Vallgorguina",NULL,"22.1274","41","08",NULL,"201707262100",2016,222,"Vallès Oriental"
293,"082956","Vallirana",NULL,"23.8598","11","08",NULL,"201707262100",12928,177,"Baix Llobregat"
294,"082969","Vallromanes",NULL,"10.5693","41","08",NULL,"201707262100",2094,153,"Vallès Oriental"
295,"082975","Veciana","38.9572","38.9572","06","08","20130529","201707262100",167,564,"Anoia"
296,"082981","Vic",NULL,"30.9079","24","08",NULL,"201707262100",38747,484,"Osona"
297,"082994","Vilada",NULL,"22.213","14","08",NULL,"201707262100",516,757,"Berguedà"
298,"083008","Viladecavalls",NULL,"20.0327","40","08",NULL,"201801011500",7036,274,"Vallès Occidental"
299,"083015","Viladecans",NULL,"20.5017","11","08",NULL,"201707262100",61168,18,"Baix Llobregat"
300,"083020","Vilanova del Camí","10.4793","10.4793","06","08","20150429","201707262100",12039,302,"Anoia"
301,"083036","Vilanova de Sau","57.9842","57.9842","24","08","20150730","201707262100",323,558,"Osona"
302,"083041","Vilobí del Penedès",NULL,"9.4021","03","08",NULL,"201707262100",1033,286,"Alt Penedès"
303,"083054","Vilafranca del Penedès",NULL,"19.87","03","08",NULL,"201707262100",36687,223,"Alt Penedès"
304,"083067","Vilalba Sasserra",NULL,"5.8546","41","08",NULL,"201707262100",581,200,"Vallès Oriental"
305,"083073","Vilanova i la Geltrú",NULL,"34.043","17","08",NULL,"201707262100",62826,22,"Garraf"
306,"083089","Viver i Serrateix","67.1703","67.1703","14","08","20160505","201707262100",194,729,"Berguedà"
307,"089019","Rupit i Pruit",NULL,"49.1275","24","08",NULL,"201707262100",339,822,"Osona"
308,"089024","Vilanova del Vallès",NULL,"15.2078","41","08",NULL,"201707262100",3774,91,"Vallès Oriental"
309,"089030","Sant Julià de Cerdanyola",NULL,"11.8468","14","08",NULL,"201801011500",259,954,"Berguedà"
310,"089045","Badia del Vallès","0.93","0.93","40","08","20040325","201707262100",14123,120,"Vallès Occidental"
311,"089058","la Palma de Cervelló","5.3899","5.3899","11","08","20160505","201707262100",2988,100,"Baix Llobregat"
312,"170010","Agullana",NULL,"27.4164","02","17",NULL,"201707262100",756,166,"Alt Empordà"
313,"170025","Aiguaviva",NULL,"13.9839","20","17",NULL,"201707262100",594,169,"Gironès"
314,"170031","Albanyà",NULL,"94.0293","02","17",NULL,"201707262100",137,239,"Alt Empordà"
315,"170046","Albons",NULL,"11.3244","10","17",NULL,"201707262100",620,25,"Baix Empordà"
316,"170059","el Far d'Empordà",NULL,"9.1207","02","17",NULL,"201707262100",483,44,"Alt Empordà"
317,"170062","Alp",NULL,"44.0193","15","17",NULL,"201707262100",1467,1158,"Cerdanya"
318,"170078","Amer","39.8970","39.897","34","17","20150730","201707262100",2258,186,"Selva"
319,"170084","Anglès",NULL,"16.3185","34","17",NULL,"201707262100",5211,181,"Selva"
320,"170097","Arbúcies",NULL,"86.4118","34","17",NULL,"201707262100",6232,291,"Selva"
321,"170101","Argelaguer","12.62","12.62","19","17","20100722","201707262100",418,183,"Garrotxa"
322,"170118","l'Armentera","5.85","5.85","02","17","20120620","201707262100",770,7,"Alt Empordà"
323,"170123","Avinyonet de Puigventós",NULL,"12.3152","02","17",NULL,"201707262100",1241,70,"Alt Empordà"
324,"170139","Begur","20.84","20.84","10","17","20111214","201707262100",4076,200,"Baix Empordà"
325,"170144","la Vajol",NULL,"4.788","02","17",NULL,"201707262100",101,546,"Alt Empordà"
326,"170157","Banyoles","11.01","11.01","28","17","20100722","201707262100",17309,172,"Pla de l'Estany"
327,"170160","Bàscara",NULL,"16.8768","02","17",NULL,"201707262100",900,66,"Alt Empordà"
328,"170182","Bellcaire d'Empordà",NULL,"12.5935","10","17",NULL,"201707262100",672,35,"Baix Empordà"
329,"170195","Besalú","4.69","4.69","19","17","20101117","201707262100",2257,151,"Garrotxa"
330,"170209","Bescanó","36.0286","36.0286","20","17","20160505","201707262100",3859,102,"Gironès"
331,"170216","Beuda","36.1713","36.1713","19","17","20160505","201707262100",164,338,"Garrotxa"
332,"170221","la Bisbal d'Empordà","20.7204","20.7204","10","17","20160727","201707262100",9261,39,"Baix Empordà"
333,"170237","Blanes","17.70","17.7","34","17","20111214","201707262100",37819,13,"Selva"
334,"170242","Bolvir",NULL,"10.8893","15","17",NULL,"201707262100",295,1145,"Cerdanya"
335,"170255","Bordils","6.9876","6.9876","20","17","20140212","201707262100",1554,42,"Gironès"
336,"170268","Borrassà",NULL,"9.4888","02","17",NULL,"201707262100",614,73,"Alt Empordà"
337,"170274","Breda",NULL,"5.0153","34","17",NULL,"201707262100",3685,169,"Selva"
338,"170280","Brunyola",NULL,"36.8435","34","17",NULL,"201707262100",362,247,"Selva"
339,"170293","Boadella i les Escaules",NULL,"10.6877","02","17",NULL,"201707262100",230,82,"Alt Empordà"
340,"170307","Cabanes",NULL,"14.9918","02","17",NULL,"201707262100",917,26,"Alt Empordà"
341,"170314","Cabanelles","55.9924","55.9924","02","17","20160505","201707262100",240,194,"Alt Empordà"
342,"170329","Cadaqués",NULL,"26.3715","02","17",NULL,"201707262100",2922,23,"Alt Empordà"
343,"170335","Caldes de Malavella","56.9372","56.9372","34","17","20141022","201707262100",5674,84,"Selva"
344,"170340","Calonge i Sant Antoni","33.5634","33.5634","10","17","20130529","201801011500",9458,22,"Baix Empordà"
345,"170353","Camós","15.57","15.57","28","17","20100722","201707262100",677,168,"Pla de l'Estany"
346,"170366","Campdevànol","32.63","32.63","31","17","20101117","201707262100",3499,738,"Ripollès"
347,"170372","Campelles","18.70","18.7","31","17","20101117","201707262100",106,1303,"Ripollès"
348,"170388","Campllong","8.49","8.49","20","17","20101215","201707262100",381,113,"Gironès"
349,"170391","Camprodon","103.4955","103.4955","31","17","20140212","201707262100",2438,947,"Ripollès"
350,"170405","Canet d'Adri","44.62","44.62","20","17","20101215","201707262100",576,217,"Gironès"
351,"170412","Cantallops",NULL,"19.4543","02","17",NULL,"201707262100",287,200,"Alt Empordà"
352,"170427","Capmany",NULL,"26.3092","02","17",NULL,"201707262100",494,107,"Alt Empordà"
353,"170433","Queralbs","93.5563","93.5563","31","17","20150128","201707262100",198,1236,"Ripollès"
354,"170448","Cassà de la Selva","45.3943","45.3943","20","17","20130529","201707262100",8780,137,"Gironès"
355,"170464","Castellfollit de la Roca","0.73","0.73","19","17","20041216","201707262100",993,296,"Garrotxa"
356,"170470","Castelló d'Empúries",NULL,"42.285","02","17",NULL,"201707262100",10021,17,"Alt Empordà"
357,"170486","Castell-Platja d'Aro",NULL,"21.6716","10","17",NULL,"201707262100",9768,5,"Baix Empordà"
358,"170499","Celrà","19.6721","19.6721","20","17","20141022","201707262100",3783,71,"Gironès"
359,"170502","Cervià de Ter","10.0858","10.0858","20","17","20140212","201707262100",827,45,"Gironès"
360,"170519","Cistella",NULL,"25.5591","02","17",NULL,"201707262100",232,130,"Alt Empordà"
361,"170524","Siurana",NULL,"10.5068","02","17",NULL,"201707262100",181,33,"Alt Empordà"
362,"170545","Colera",NULL,"24.2134","02","17",NULL,"201707262100",601,10,"Alt Empordà"
363,"170558","Colomers",NULL,"4.2957","10","17",NULL,"201707262100",213,41,"Baix Empordà"
364,"170561","Cornellà del Terri","27.83","27.83","28","17","20111214","201707262100",2079,96,"Pla de l'Estany"
365,"170577","Corçà","16.1276","16.1276","10","17","20160727","201707262100",1261,43,"Baix Empordà"
366,"170583","Crespià","11.31","11.31","28","17","20101215","201707262100",242,138,"Pla de l'Estany"
367,"170600","Darnius",NULL,"34.8834","02","17",NULL,"201707262100",547,193,"Alt Empordà"
368,"170617","Das",NULL,"14.626","15","17",NULL,"201707262100",176,1219,"Cerdanya"
369,"170622","l'Escala",NULL,"16.2256","02","17",NULL,"201707262100",8795,14,"Alt Empordà"
370,"170638","Espinelves","17.4854","17.4854","24","17","20170426","201707262100",199,752,"Osona"
371,"170643","Espolla",NULL,"43.3442","02","17",NULL,"201707262100",367,124,"Alt Empordà"
372,"170656","Esponellà","15.77","15.77","28","17","20101117","201707262100",437,142,"Pla de l'Estany"
373,"170669","Figueres",NULL,"19.0089","02","17",NULL,"201707262100",39641,39,"Alt Empordà"
374,"170675","Flaçà","6.8335","6.8335","20","17","20160505","201707262100",997,34,"Gironès"
375,"170681","Foixà",NULL,"18.4553","10","17",NULL,"201707262100",325,85,"Baix Empordà"
376,"170694","Fontanals de Cerdanya",NULL,"28.69","15","17",NULL,"201707262100",425,1180,"Cerdanya"
377,"170708","Fontanilles",NULL,"9.3166","10","17",NULL,"201801011500",175,29,"Baix Empordà"
378,"170715","Fontcoberta","17.08","17.08","28","17","20111214","201707262100",1181,207,"Pla de l'Estany"
379,"170736","Fornells de la Selva","11.6728","11.6728","20","17","20170726","201707262100",1890,102,"Gironès"
380,"170741","Fortià",NULL,"10.7218","02","17",NULL,"201707262100",582,8,"Alt Empordà"
381,"170754","Garrigàs",NULL,"20.0562","02","17",NULL,"201707262100",346,101,"Alt Empordà"
382,"170767","Garrigoles",NULL,"8.9299","10","17",NULL,"201707262100",155,92,"Baix Empordà"
383,"170773","Garriguella",NULL,"20.9793","02","17",NULL,"201707262100",731,56,"Alt Empordà"
384,"170789","Ger","32.76","32.76","15","17","20120620","201707262100",450,1135,"Cerdanya"
385,"170792","Girona","38.8562","38.8562","20","17","20170726","201707262100",89890,70,"Gironès"
386,"170806","Gombrèn","43.27","43.27","31","17","20111214","201707262100",222,919,"Ripollès"
387,"170813","Gualta",NULL,"9.0495","10","17",NULL,"201707262100",358,15,"Baix Empordà"
388,"170828","Guils de Cerdanya",NULL,"21.9816","15","17",NULL,"201707262100",438,1385,"Cerdanya"
389,"170834","Hostalric",NULL,"3.3988","34","17",NULL,"201707262100",3619,189,"Selva"
390,"170849","Isòvol",NULL,"10.6975","15","17",NULL,"201707262100",265,1088,"Cerdanya"
391,"170852","Jafre",NULL,"6.5794","10","17",NULL,"201707262100",386,44,"Baix Empordà"
392,"170865","la Jonquera",NULL,"57.5921","02","17",NULL,"201707262100",3020,110,"Alt Empordà"
393,"170871","Juià","8.3040","8.304","20","17","20140212","201707262100",318,94,"Gironès"
394,"170887","Lladó",NULL,"13.6444","02","17",NULL,"201707262100",591,197,"Alt Empordà"
395,"170890","Llagostera","77.0048","77.0048","20","17","20150730","201707262100",7062,160,"Gironès"
396,"170904","Llambilles","14.8784","14.8784","20","17","20130529","201707262100",612,143,"Gironès"
397,"170911","Llanars","24.65","24.65","31","17","20120620","201707262100",558,983,"Ripollès"
398,"170926","Llançà",NULL,"27.9533","02","17",NULL,"201707262100",4611,4,"Alt Empordà"
399,"170932","Llers",NULL,"21.191","02","17",NULL,"201707262100",1167,142,"Alt Empordà"
400,"170947","Llívia",NULL,"12.9628","15","17",NULL,"201707262100",1291,1224,"Cerdanya"
401,"170950","Lloret de Mar","48.3350","48.335","34","17","20130529","201707262100",32728,5,"Selva"
402,"170963","les Llosses","114.43","114.43","31","17","20111214","201707262100",246,1000,"Ripollès"
403,"170979","Madremanya","13.5914","13.5914","20","17","20131016","201707262100",222,177,"Gironès"
404,"170985","Maià de Montcal","17.22","17.22","19","17","20101117","201707262100",379,241,"Garrotxa"
405,"170998","Meranges",NULL,"37.9303","15","17",NULL,"201707262100",86,1539,"Cerdanya"
406,"171002","Masarac",NULL,"12.5422","02","17",NULL,"201707262100",265,85,"Alt Empordà"
407,"171019","Massanes",NULL,"25.8628","34","17",NULL,"201707262100",660,164,"Selva"
408,"171024","Maçanet de Cabrenys",NULL,"67.6206","02","17",NULL,"201707262100",700,370,"Alt Empordà"
409,"171030","Maçanet de la Selva",NULL,"45.6741","34","17",NULL,"201801011500",5712,100,"Selva"
410,"171058","Mieres","26.12","26.12","19","17","20120620","201707262100",331,286,"Garrotxa"
411,"171061","Mollet de Peralada",NULL,"6.0578","02","17",NULL,"201707262100",172,59,"Alt Empordà"
412,"171077","Molló","43.1301","43.1301","31","17","20140212","201707262100",329,1182,"Ripollès"
413,"171096","Montagut i Oix","93.3899","93.3899","19","17","20130529","201707262100",903,276,"Garrotxa"
414,"171100","Mont-ras",NULL,"12.4159","10","17",NULL,"201707262100",1841,88,"Baix Empordà"
415,"171117","Navata",NULL,"18.4081","02","17",NULL,"201707262100",980,145,"Alt Empordà"
416,"171122","Ogassa","45.43","45.43","31","17","20120620","201707262100",265,951,"Ripollès"
417,"171143","Olot","29.03","29.03","19","17","20020604","201707262100",31932,443,"Garrotxa"
418,"171156","Ordis",NULL,"8.4932","02","17",NULL,"201707262100",353,98,"Alt Empordà"
419,"171169","Osor",NULL,"52.2576","34","17",NULL,"201707262100",390,340,"Selva"
420,"171175","Palafrugell",NULL,"26.8936","10","17",NULL,"201801011500",21307,64,"Baix Empordà"
421,"171181","Palamós","13.9453","13.9453","10","17","20160505","201707262100",17197,12,"Baix Empordà"
422,"171194","Palau de Santa Eulàlia",NULL,"8.5731","02","17",NULL,"201707262100",91,86,"Alt Empordà"
423,"171208","Palau-saverdera",NULL,"16.5746","02","17",NULL,"201707262100",1197,78,"Alt Empordà"
424,"171215","Palau-sator",NULL,"12.4288","10","17",NULL,"201801011500",280,20,"Baix Empordà"
425,"171236","Palol de Revardit","18.0676","18.0676","28","17","20130529","201707262100",429,152,"Pla de l'Estany"
426,"171241","Pals","25.7504","25.7504","10","17","20171213","201801011500",2400,55,"Baix Empordà"
427,"171254","Pardines","31.40","31.4","31","17","20111214","201707262100",149,1226,"Ripollès"
428,"171267","Parlavà","6.2131","6.2131","10","17","20150429","201707262100",352,40,"Baix Empordà"
429,"171289","Pau",NULL,"10.5608","02","17",NULL,"201707262100",501,33,"Alt Empordà"
430,"171292","Pedret i Marzà",NULL,"8.5856","02","17",NULL,"201707262100",154,22,"Alt Empordà"
431,"171306","la Pera",NULL,"11.9787","10","17",NULL,"201707262100",436,93,"Baix Empordà"
432,"171328","Peralada",NULL,"43.9079","02","17",NULL,"201707262100",1625,32,"Alt Empordà"
433,"171334","les Planes d'Hostoles","37.45","37.45","19","17","20120620","201707262100",1798,370,"Garrotxa"
434,"171349","Planoles","18.7403","18.7403","31","17","20130529","201707262100",281,1136,"Ripollès"
435,"171352","Pont de Molins",NULL,"8.64","02","17",NULL,"201707262100",419,43,"Alt Empordà"
436,"171365","Pontós",NULL,"13.4638","02","17",NULL,"201707262100",217,94,"Alt Empordà"
437,"171371","Porqueres","33.71","33.71","28","17","20100722","201707262100",4154,148,"Pla de l'Estany"
438,"171387","Portbou",NULL,"9.2427","02","17",NULL,"201707262100",1347,28,"Alt Empordà"
439,"171390","les Preses","9.39","9.39","19","17","20020604","201707262100",1692,474,"Garrotxa"
440,"171404","el Port de la Selva",NULL,"41.3292","02","17",NULL,"201707262100",908,12,"Alt Empordà"
441,"171411","Puigcerdà",NULL,"18.7009","15","17",NULL,"201707262100",8859,1202,"Cerdanya"
442,"171426","Quart","38.1070","38.107","20","17","20171213","201801011500",2637,91,"Gironès"
443,"171432","Rabós",NULL,"45.2359","02","17",NULL,"201707262100",194,106,"Alt Empordà"
444,"171447","Regencós","6.2729","6.2729","10","17","20171213","201801011500",304,78,"Baix Empordà"
445,"171450","Ribes de Freser","41.5563","41.5563","31","17","20150128","201707262100",2017,912,"Ripollès"
446,"171463","Riells i Viabrea",NULL,"26.9753","34","17",NULL,"201707262100",3238,96,"Selva"
447,"171479","Ripoll","73.63","73.63","31","17","20101215","201707262100",10832,691,"Ripollès"
448,"171485","Riudarenes",NULL,"47.5098","34","17",NULL,"201801011500",1761,84,"Selva"
449,"171498","Riudaura","23.52","23.52","19","17","20041021","201707262100",417,572,"Garrotxa"
450,"171501","Riudellots de la Selva","13.2757","13.2757","34","17","20150128","201707262100",1849,98,"Selva"
451,"171518","Riumors",NULL,"6.5382","02","17",NULL,"201707262100",172,7,"Alt Empordà"
452,"171523","Roses",NULL,"45.8626","02","17",NULL,"201707262100",17173,5,"Alt Empordà"
453,"171539","Rupià",NULL,"5.4657","10","17",NULL,"201707262100",213,66,"Baix Empordà"
454,"171544","Sales de Llierca","35.79","35.79","19","17","20100722","201707262100",128,260,"Garrotxa"
455,"171557","Salt","6.6092","6.6092","20","17","20131016","201707262100",28017,83,"Gironès"
456,"171576","Sant Andreu Salou","5.8154","5.8154","20","17","20130529","201707262100",156,132,"Gironès"
457,"171582","Sant Climent Sescebes",NULL,"24.2226","02","17",NULL,"201707262100",482,86,"Alt Empordà"
458,"171595","Sant Feliu de Buixalleu",NULL,"62.0567","34","17",NULL,"201707262100",756,402,"Selva"
459,"171609","Sant Feliu de Guíxols",NULL,"15.8514","10","17",NULL,"201707262100",20867,4,"Baix Empordà"
460,"171616","Sant Feliu de Pallerols","33.81","33.81","19","17","20101117","201707262100",1272,473,"Garrotxa"
461,"171621","Sant Ferriol","42.29","42.29","19","17","20101215","201707262100",194,366,"Garrotxa"
462,"171637","Sant Gregori","48.8868","48.8868","20","17","20131016","201707262100",2951,112,"Gironès"
463,"171642","Sant Hilari Sacalm",NULL,"82.2237","34","17",NULL,"201707262100",5385,803,"Selva"
464,"171655","Sant Jaume de Llierca","6.90","6.9","19","17","20100722","201707262100",815,203,"Garrotxa"
465,"171668","Sant Jordi Desvalls",NULL,"11.8011","20","17",NULL,"201707262100",632,57,"Gironès"
466,"171674","Sant Joan de les Abadesses","53.68","53.68","31","17","20101117","201707262100",3565,773,"Ripollès"
467,"171680","Sant Joan de Mollet","3.2298","3.2298","20","17","20141022","201707262100",487,54,"Gironès"
468,"171693","Sant Julià de Ramis","18.6987","18.6987","20","17","20131016","201801011500",2656,128,"Gironès"
469,"171707","Vallfogona de Ripollès","38.96","38.96","31","17","20111214","201707262100",206,956,"Ripollès"
470,"171714","Sant Llorenç de la Muga",NULL,"32.4595","02","17",NULL,"201707262100",196,173,"Alt Empordà"
471,"171729","Sant Martí de Llémena","42.95","42.95","20","17","20120620","201707262100",520,256,"Gironès"
472,"171735","Sant Martí Vell","17.2794","17.2794","20","17","20160505","201707262100",209,65,"Gironès"
473,"171740","Sant Miquel de Campmajor","33.62","33.62","28","17","20100722","201707262100",218,217,"Pla de l'Estany"
474,"171753","Sant Miquel de Fluvià",NULL,"3.5089","02","17",NULL,"201707262100",671,28,"Alt Empordà"
475,"171766","Sant Mori",NULL,"7.3589","02","17",NULL,"201707262100",164,51,"Alt Empordà"
476,"171772","Sant Pau de Segúries","8.78","8.78","31","17","20120620","201707262100",666,867,"Ripollès"
477,"171788","Sant Pere Pescador",NULL,"18.2794","02","17",NULL,"201707262100",1804,5,"Alt Empordà"
478,"171805","Santa Coloma de Farners","70.8871","70.8871","34","17","20170426","201707262100",10565,142,"Selva"
479,"171812","Santa Cristina d'Aro","67.7587","67.7587","10","17","20150429","201707262100",4214,30,"Baix Empordà"
480,"171827","Santa Llogaia d'Àlguema",NULL,"1.9516","02","17",NULL,"201707262100",313,42,"Alt Empordà"
481,"171833","Sant Aniol de Finestres","48.46","48.46","19","17","20120620","201707262100",289,289,"Garrotxa"
482,"171848","Santa Pau","48.57","48.57","19","17","20100722","201707262100",1565,496,"Garrotxa"
483,"171851","Sant Joan les Fonts","31.97","31.97","19","17","20051214","201707262100",2652,342,"Garrotxa"
484,"171864","Sarrià de Ter","4.25","4.25","20","17","20101215","201707262100",4065,70,"Gironès"
485,"171870","Saus, Camallera i Llampaies",NULL,"11.4904","02","17",NULL,"201707262100",737,86,"Alt Empordà"
486,"171886","la Selva de Mar",NULL,"7.2556","02","17",NULL,"201707262100",223,48,"Alt Empordà"
487,"171899","la Cellera de Ter","14.6436","14.6436","34","17","20141022","201707262100",2096,166,"Selva"
488,"171903","Serinyà","17.20","17.2","28","17","20100722","201707262100",1045,188,"Pla de l'Estany"
489,"171910","Serra de Daró",NULL,"7.9567","10","17",NULL,"201707262100",184,15,"Baix Empordà"
490,"171925","Setcases","48.8961","48.8961","31","17","20130529","201707262100",181,1265,"Ripollès"
491,"171931","Sils",NULL,"30.086","34","17",NULL,"201707262100",4126,76,"Selva"
492,"171946","Susqueda",NULL,"50.9116","34","17",NULL,"201707262100",112,816,"Selva"
493,"171959","la Tallada d'Empordà",NULL,"16.6497","10","17",NULL,"201707262100",367,20,"Baix Empordà"
494,"171962","Terrades",NULL,"20.8401","02","17",NULL,"201707262100",146,228,"Alt Empordà"
495,"171978","Torrent","7.9101","7.9101","10","17","20160727","201707262100",190,44,"Baix Empordà"
496,"171984","Torroella de Fluvià",NULL,"16.8719","02","17",NULL,"201707262100",460,9,"Alt Empordà"
497,"171997","Torroella de Montgrí",NULL,"65.8133","10","17",NULL,"201801011500",10588,31,"Baix Empordà"
498,"172001","Tortellà","11.00","11","19","17","20100722","201707262100",729,276,"Garrotxa"
499,"172018","Toses","57.6725","57.6725","31","17","20130529","201707262100",160,1444,"Ripollès"
500,"172023","Tossa de Mar","38.1540","38.154","34","17","20171213","201801011500",5414,5,"Selva"
501,"172039","Ultramort",NULL,"4.3804","10","17",NULL,"201707262100",200,30,"Baix Empordà"
502,"172044","Ullà",NULL,"7.3487","10","17",NULL,"201707262100",1039,21,"Baix Empordà"
503,"172057","Ullastret",NULL,"11.1065","10","17",NULL,"201707262100",233,49,"Baix Empordà"
504,"172060","Urús",NULL,"17.3607","15","17",NULL,"201707262100",200,1263,"Cerdanya"
505,"172076","la Vall d'en Bas","90.57","90.57","19","17","20051010","201707262100",2650,510,"Garrotxa"
506,"172082","la Vall de Bianya","93.62","93.62","19","17","20040722","201707262100",1256,367,"Garrotxa"
507,"172095","Vall-llobrega","5.4819","5.4819","10","17","20170726","201707262100",730,49,"Baix Empordà"
508,"172109","Ventalló",NULL,"25.0131","02","17",NULL,"201707262100",698,28,"Alt Empordà"
509,"172116","Verges",NULL,"9.6912","10","17",NULL,"201707262100",1179,23,"Baix Empordà"
510,"172121","Vidrà","34.47","34.47","24","17","20120620","201707262100",168,982,"Osona"
511,"172137","Vidreres",NULL,"48.1929","34","17",NULL,"201801011500",6676,93,"Selva"
512,"172142","Vilabertran",NULL,"2.2702","02","17",NULL,"201707262100",843,19,"Alt Empordà"
513,"172155","Vilablareix","6.14","6.14","20","17","20111214","201707262100",2213,99,"Gironès"
514,"172168","Viladasens","15.5161","15.5161","20","17","20141022","201707262100",191,96,"Gironès"
515,"172174","Viladamat",NULL,"11.8341","02","17",NULL,"201707262100",421,13,"Alt Empordà"
516,"172180","Vilademuls","62.17","62.17","28","17","20111214","201707262100",786,120,"Pla de l'Estany"
517,"172207","Viladrau","50.7127","50.7127","24","17","20141022","201707262100",999,821,"Osona"
518,"172214","Vilafant",NULL,"8.3865","02","17",NULL,"201707262100",5013,54,"Alt Empordà"
519,"172229","Vilaür",NULL,"5.5729","02","17",NULL,"201707262100",139,65,"Alt Empordà"
520,"172235","Vilajuïga",NULL,"13.1863","02","17",NULL,"201707262100",1072,31,"Alt Empordà"
521,"172240","Vilallonga de Ter","64.28","64.28","31","17","20120620","201707262100",448,1067,"Ripollès"
522,"172253","Vilamacolum",NULL,"5.5559","02","17",NULL,"201707262100",280,5,"Alt Empordà"
523,"172266","Vilamalla",NULL,"8.8699","02","17",NULL,"201707262100",1092,45,"Alt Empordà"
524,"172272","Vilamaniscle",NULL,"5.4867","02","17",NULL,"201707262100",182,169,"Alt Empordà"
525,"172288","Vilanant",NULL,"16.8747","02","17",NULL,"201707262100",333,98,"Alt Empordà"
526,"172305","Vila-sacra",NULL,"6.0506","02","17",NULL,"201707262100",485,16,"Alt Empordà"
527,"172327","Vilopriu",NULL,"16.8193","10","17",NULL,"201707262100",189,82,"Baix Empordà"
528,"172333","Vilobí d'Onyar","32.5966","32.5966","34","17","20130529","201707262100",2718,122,"Selva"
529,"172348","Biure",NULL,"10.0273","02","17",NULL,"201707262100",236,81,"Alt Empordà"
530,"179011","Cruïlles, Monells i Sant Sadurní de l'Heura",NULL,"99.6031","10","17",NULL,"201801011500",1271,110,"Baix Empordà"
531,"179026","Forallac","50.1778","50.1778","10","17","20150730","201707262100",1746,51,"Baix Empordà"
532,"179032","Sant Julià del Llor i Bonmatí","9.6539","9.6539","34","17","20141022","201707262100",1093,160,"Selva"
533,"250019","Abella de la Conca",NULL,"77.9623","25","25",NULL,"201707262100",186,956,"Pallars Jussà"
534,"250024","Àger",NULL,"160.2026","23","25",NULL,"201707262100",491,642,"Noguera"
535,"250030","Agramunt",NULL,"79.4676","38","25",NULL,"201707262100",5459,337,"Urgell"
536,"250045","els Alamús",NULL,"20.3222","33","25",NULL,"201707262100",701,212,"Segrià"
537,"250058","Alàs i Cerc",NULL,"57.4533","04","25",NULL,"201707262100",404,768,"Alt Urgell"
538,"250061","l'Albagés","26.12","26.12","18","25","20100311","201707262100",492,372,"Garrigues"
539,"250077","Albatàrrec",NULL,"10.685","33","25",NULL,"201707262100",1519,147,"Segrià"
540,"250083","Albesa",NULL,"38.0041","23","25",NULL,"201707262100",1587,237,"Noguera"
541,"250096","l'Albi","32.71","32.71","18","25","20091007","201707262100",811,526,"Garrigues"
542,"250100","Alcanó",NULL,"21.1876","33","25",NULL,"201707262100",253,214,"Segrià"
543,"250117","Alcarràs",NULL,"114.8497","33","25",NULL,"201707262100",5970,137,"Segrià"
544,"250122","Alcoletge",NULL,"16.4673","33","25",NULL,"201707262100",2239,213,"Segrià"
545,"250138","Alfarràs",NULL,"11.304","33","25",NULL,"201707262100",3274,281,"Segrià"
546,"250143","Alfés",NULL,"32.175","33","25",NULL,"201707262100",321,236,"Segrià"
547,"250156","Algerri","54.4168","54.4168","23","25","20140212","201707262100",467,345,"Noguera"
548,"250169","Alguaire",NULL,"50.4327","33","25",NULL,"201707262100",3088,304,"Segrià"
549,"250175","Alins",NULL,"182.7849","26","25",NULL,"201707262100",251,1048,"Pallars Sobirà"
550,"250194","Almacelles",NULL,"48.9722","33","25",NULL,"201707262100",6088,247,"Segrià"
551,"250208","Almatret",NULL,"56.4375","33","25",NULL,"201707262100",443,462,"Segrià"
552,"250215","Almenar",NULL,"66.7523","33","25",NULL,"201707262100",3576,329,"Segrià"
553,"250220","Alòs de Balaguer","69.0765","69.0765","23","25","20140212","201707262100",174,297,"Noguera"
554,"250236","Alpicat",NULL,"15.2979","33","25",NULL,"201707262100",5362,264,"Segrià"
555,"250241","Alt Àneu",NULL,"218.0592","26","25",NULL,"201707262100",457,1076,"Pallars Sobirà"
556,"250254","Naut Aran",NULL,"255.9585","39","25",NULL,"201707262100",1732,1267,"Val d'Aran"
557,"250273","Anglesola","23.6724","23.6724","38","25","20150429","201707262100",1303,335,"Urgell"
558,"250292","Arbeca","58.22","58.22","18","25","20100311","201707262100",2512,332,"Garrigues"
559,"250306","el Pont de Bar",NULL,"43.5164","04","25",NULL,"201707262100",193,861,"Alt Urgell"
560,"250313","Arres",NULL,"11.608","39","25",NULL,"201707262100",61,1224,"Val d'Aran"
561,"250328","Arsèguel",NULL,"10.4938","04","25",NULL,"201707262100",100,950,"Alt Urgell"
562,"250334","Artesa de Lleida",NULL,"24.2265","33","25",NULL,"201707262100",1451,202,"Segrià"
563,"250349","Artesa de Segre",NULL,"176.0393","23","25",NULL,"201707262100",3696,318,"Noguera"
564,"250352","la Sentiu de Sió","29.5442","29.5442","23","25","20140514","201707262100",478,281,"Noguera"
565,"250365","Aspa",NULL,"10.0507","33","25",NULL,"201707262100",269,256,"Segrià"
566,"250371","les Avellanes i Santa Linya","102.9248","102.9248","23","25","20150429","201707262100",469,567,"Noguera"
567,"250387","Aitona","66.8271","66.8271","33","25","20170426","201707262100",2370,110,"Segrià"
568,"250390","Baix Pallars",NULL,"129.3642","26","25",NULL,"201707262100",381,591,"Pallars Sobirà"
569,"250404","Balaguer","57.0716","57.0716","23","25","20170726","201707262100",15769,233,"Noguera"
570,"250411","Barbens","7.7837","7.7837","27","25","20150730","201707262100",828,283,"Pla d'Urgell"
571,"250426","la Baronia de Rialb",NULL,"145.0758","23","25",NULL,"201707262100",281,388,"Noguera"
572,"250432","la Vall de Boí",NULL,"219.677","05","25",NULL,"201707262100",1079,1111,"Alta Ribagorça"
573,"250447","Bassella",NULL,"70.8257","04","25",NULL,"201707262100",256,423,"Alt Urgell"
574,"250450","Bausen",NULL,"17.8557","39","25",NULL,"201707262100",52,931,"Val d'Aran"
575,"250463","Belianes","15.7697","15.7697","38","25","20150128","201707262100",592,373,"Urgell"
576,"250479","Bellcaire d'Urgell","31.1603","31.1603","23","25","20130529","201707262100",1295,267,"Noguera"
577,"250485","Bell-lloc d'Urgell","35.1622","35.1622","27","25","20150730","201707262100",2326,196,"Pla d'Urgell"
578,"250498","Bellmunt d'Urgell","5.0475","5.0475","23","25","20131016","201707262100",225,379,"Noguera"
579,"250501","Bellpuig","35.0176","35.0176","38","25","20150429","201707262100",4454,308,"Urgell"
580,"250518","Bellver de Cerdanya",NULL,"97.9346","15","25",NULL,"201707262100",1906,1061,"Cerdanya"
581,"250523","Bellvís","46.4131","46.4131","27","25","20141022","201707262100",2360,207,"Pla d'Urgell"
582,"250539","Benavent de Segrià",NULL,"7.4589","33","25",NULL,"201707262100",1249,234,"Segrià"
583,"250557","Biosca","66.03","66.03","32","25","20101117","201707262100",228,455,"Segarra"
584,"250560","Bovera","33.22","33.22","18","25","20100311","201707262100",371,297,"Garrigues"
585,"250576","Es Bòrdes",NULL,"21.3971","39","25",NULL,"201707262100",247,852,"Val d'Aran"
586,"250582","les Borges Blanques","61.66","61.66","18","25","20091007","201707262100",5606,304,"Garrigues"
587,"250595","Bossòst",NULL,"27.8638","39","25",NULL,"201707262100",1043,710,"Val d'Aran"
588,"250609","Cabanabona","14.1600","14.16","23","25","20160505","201707262100",115,421,"Noguera"
589,"250616","Cabó",NULL,"79.5449","04","25",NULL,"201707262100",104,768,"Alt Urgell"
590,"250621","Camarasa","157.6142","157.6142","23","25","20170726","201707262100",931,321,"Noguera"
591,"250637","Canejan",NULL,"48.2435","39","25",NULL,"201707262100",104,906,"Val d'Aran"
592,"250642","Castellar de la Ribera","60.2617","60.2617","35","25","20170726","201707262100",162,657,"Solsonès"
593,"250674","Castelldans","64.32","64.32","18","25","20100311","201707262100",1004,353,"Garrigues"
594,"250680","Castellnou de Seana","16.3091","16.3091","27","25","20150730","201707262100",750,269,"Pla d'Urgell"
595,"250693","Castelló de Farfanya","52.6274","52.6274","23","25","20130529","201707262100",564,358,"Noguera"
596,"250707","Castellserà",NULL,"15.8668","38","25",NULL,"201707262100",1128,267,"Urgell"
597,"250714","Cava",NULL,"40.9059","04","25",NULL,"201707262100",56,1335,"Alt Urgell"
598,"250729","Cervera","55.1981","55.1981","32","25","20160505","201707262100",9305,548,"Segarra"
599,"250735","Cervià de les Garrigues","34.04","34.04","18","25","20091007","201707262100",873,444,"Garrigues"
600,"250740","Ciutadilla","16.47","16.47","38","25","20111214","201707262100",223,519,"Urgell"
601,"250753","Clariana de Cardener",NULL,"40.962","35","25",NULL,"201707262100",146,500,"Solsonès"
602,"250766","el Cogul","17.47","17.47","18","25","20100311","201707262100",211,279,"Garrigues"
603,"250772","Coll de Nargó",NULL,"152.4243","04","25",NULL,"201707262100",618,573,"Alt Urgell"
604,"250788","Corbins",NULL,"21.2842","33","25",NULL,"201707262100",1347,211,"Segrià"
605,"250791","Cubells","39.0530","39.053","23","25","20140514","201707262100",401,499,"Noguera"
606,"250812","l'Espluga Calba","21.45","21.45","18","25","20091007","201707262100",452,434,"Garrigues"
607,"250827","Espot",NULL,"97.5761","26","25",NULL,"201707262100",360,1318,"Pallars Sobirà"
608,"250851","Estaràs","21.1392","21.1392","32","25","20141022","201707262100",184,596,"Segarra"
609,"250864","Esterri d'Àneu",NULL,"8.3882","26","25",NULL,"201707262100",803,957,"Pallars Sobirà"
610,"250870","Esterri de Cardós",NULL,"16.3327","26","25",NULL,"201707262100",69,1212,"Pallars Sobirà"
611,"250886","Estamariu",NULL,"20.9854","04","25",NULL,"201707262100",117,1084,"Alt Urgell"
612,"250899","Farrera",NULL,"61.8121","26","25",NULL,"201707262100",104,1294,"Pallars Sobirà"
613,"250925","la Floresta","5.61","5.61","18","25","20091007","201707262100",185,316,"Garrigues"
614,"250931","Fondarella",NULL,"5.4356","27","25",NULL,"201707262100",783,243,"Pla d'Urgell"
615,"250946","Foradada","28.9070","28.907","23","25","20141022","201707262100",197,455,"Noguera"
616,"250962","la Fuliola","11.1294","11.1294","38","25","20141022","201707262100",1235,275,"Urgell"
617,"250978","Fulleda","16.33","16.33","18","25","20091007","201707262100",115,581,"Garrigues"
618,"250984","Gavet de la Conca",NULL,"91.1632","25","25",NULL,"201707262100",309,421,"Pallars Jussà"
619,"250997","Golmés",NULL,"16.7503","27","25",NULL,"201707262100",1560,275,"Pla d'Urgell"
620,"251001","Gósol","56.29","56.29","14","25","20060719","201707262100",221,1423,"Berguedà"
621,"251018","la Granadella","82.9780","82.978","18","25","20160505","201707262100",774,528,"Garrigues"
622,"251023","la Granja d'Escarp",NULL,"38.5377","33","25",NULL,"201707262100",1042,78,"Segrià"
623,"251039","Granyanella","23.9753","23.9753","32","25","20160505","201707262100",172,508,"Segarra"
624,"251044","Granyena de Segarra","16.5786","16.5786","32","25","20150730","201707262100",149,636,"Segarra"
625,"251057","Granyena de les Garrigues","20.30","20.3","18","25","20100311","201707262100",176,366,"Garrigues"
626,"251095","Guimerà","25.3705","25.3705","38","25","20130529","201707262100",344,555,"Urgell"
627,"251109","Guissona","18.2944","18.2944","32","25","20170726","201707262100",5139,484,"Segarra"
628,"251116","Guixers","65.6687","65.6687","35","25","20130529","201707262100",137,840,"Solsonès"
629,"251121","Ivars de Noguera",NULL,"26.9577","23","25",NULL,"201707262100",357,314,"Noguera"
630,"251137","Ivars d'Urgell","24.1681","24.1681","27","25","20160505","201707262100",1858,265,"Pla d'Urgell"
631,"251142","Ivorra","15.3178","15.3178","32","25","20140212","201707262100",144,567,"Segarra"
632,"251155","Isona i Conca Dellà",NULL,"139.5426","25","25",NULL,"201707262100",1139,659,"Pallars Jussà"
633,"251180","Juncosa","76.7109","76.7109","18","25","20141022","201707262100",546,575,"Garrigues"
634,"251193","Juneda","47.33","47.33","18","25","20100722","201707262100",3264,264,"Garrigues"
635,"251207","Lleida",NULL,"212.1283","33","25",NULL,"201707262100",125677,155,"Segrià"
636,"251214","Les",NULL,"23.0942","39","25",NULL,"201707262100",903,634,"Val d'Aran"
637,"251229","Linyola","28.8176","28.8176","27","25","20131016","201707262100",2583,248,"Pla d'Urgell"
638,"251235","Lladorre",NULL,"147.8495","26","25",NULL,"201707262100",211,1052,"Pallars Sobirà"
639,"251240","Lladurs","127.9914","127.9914","35","25","20170726","201707262100",207,834,"Solsonès"
640,"251253","Llardecans",NULL,"66.1374","33","25",NULL,"201707262100",562,397,"Segrià"
641,"251266","Llavorsí",NULL,"68.5687","26","25",NULL,"201707262100",334,811,"Pallars Sobirà"
642,"251272","Lles de Cerdanya",NULL,"102.6372","15","25",NULL,"201707262100",227,1471,"Cerdanya"
643,"251288","Llimiana",NULL,"41.5862","25","25",NULL,"201707262100",158,790,"Pallars Jussà"
644,"251291","Llobera",NULL,"38.9701","35","25",NULL,"201707262100",222,855,"Solsonès"
645,"251305","Maldà","31.5338","31.5338","38","25","20150128","201707262100",285,428,"Urgell"
646,"251312","Massalcoreig",NULL,"13.6349","33","25",NULL,"201707262100",635,94,"Segrià"
647,"251327","Massoteres","26.1350","26.135","32","25","20140212","201707262100",225,502,"Segarra"
648,"251333","Maials",NULL,"57.1292","33","25",NULL,"201707262100",973,395,"Segrià"
649,"251348","Menàrguens","20.5354","20.5354","23","25","20141022","201707262100",863,205,"Noguera"
650,"251351","Miralcamp",NULL,"14.89","27","25",NULL,"201707262100",1310,287,"Pla d'Urgell"
651,"251364","la Molsosa",NULL,"26.8295","35","25",NULL,"201707262100",127,667,"Solsonès"
652,"251370","Mollerussa",NULL,"6.9739","27","25",NULL,"201707262100",12569,250,"Pla d'Urgell"
653,"251386","Montgai","29.1300","29.13","23","25","20140514","201707262100",772,286,"Noguera"
654,"251399","Montellà i Martinet",NULL,"55.1906","15","25",NULL,"201707262100",606,967,"Cerdanya"
655,"251403","Montferrer i Castellbò",NULL,"177.1654","04","25",NULL,"201707262100",944,732,"Alt Urgell"
656,"251410","Montoliu de Segarra","29.4517","29.4517","32","25","20150730","201707262100",186,689,"Segarra"
657,"251425","Montoliu de Lleida",NULL,"7.3397","33","25",NULL,"201707262100",498,166,"Segrià"
658,"251431","Montornès de Segarra","12.1342","12.1342","32","25","20160505","201707262100",105,605,"Segarra"
659,"251459","Nalec","9.67","9.67","38","25","20111214","201707262100",102,487,"Urgell"
660,"251462","Navès",NULL,"145.013","35","25",NULL,"201801011500",262,610,"Solsonès"
661,"251484","Odèn","114.4205","114.4205","35","25","20150730","201707262100",275,1130,"Solsonès"
662,"251497","Oliana",NULL,"32.1353","04","25",NULL,"201707262100",1939,469,"Alt Urgell"
663,"251500","Oliola",NULL,"86.1095","23","25",NULL,"201707262100",246,452,"Noguera"
664,"251517","Olius",NULL,"54.709","35","25",NULL,"201707262100",686,742,"Solsonès"
665,"251522","les Oluges","19.08","19.08","32","25","20100722","201707262100",174,528,"Segarra"
666,"251538","els Omellons","11.01","11.01","18","25","20091007","201707262100",252,385,"Garrigues"
667,"251543","els Omells de na Gaia","13.0077","13.0077","38","25","20131016","201707262100",159,560,"Urgell"
668,"251556","Organyà",NULL,"12.5933","04","25",NULL,"201707262100",961,558,"Alt Urgell"
669,"251569","Os de Balaguer",NULL,"136.0013","23","25",NULL,"201707262100",924,463,"Noguera"
670,"251575","Ossó de Sió",NULL,"26.0853","38","25",NULL,"201801011500",236,391,"Urgell"
671,"251581","el Palau d'Anglesola",NULL,"12.3433","27","25",NULL,"201707262100",1883,250,"Pla d'Urgell"
672,"251615","Conca de Dalt",NULL,"165.7046","25","25",NULL,"201707262100",428,507,"Pallars Jussà"
673,"251636","la Coma i la Pedra","60.7274","60.7274","35","25","20170726","201707262100",253,1004,"Solsonès"
674,"251641","Penelles","25.4599","25.4599","23","25","20170726","201707262100",525,276,"Noguera"
675,"251654","Peramola",NULL,"55.8335","04","25",NULL,"201707262100",377,566,"Alt Urgell"
676,"251667","Pinell de Solsonès","90.5631","90.5631","35","25","20170726","201707262100",204,800,"Solsonès"
677,"251673","Pinós",NULL,"104.2368","35","25",NULL,"201707262100",322,823,"Solsonès"
678,"251689","el Poal","8.86","8.86","27","25","20101215","201707262100",660,216,"Pla d'Urgell"
679,"251692","la Pobla de Cérvoles","61.98","61.98","18","25","20100311","201707262100",250,663,"Garrigues"
680,"251706","Bellaguarda",NULL,"20.3388","18","25",NULL,"201707262100",352,640,"Garrigues"
681,"251713","la Pobla de Segur",NULL,"33.6166","25","25",NULL,"201707262100",3050,524,"Pallars Jussà"
682,"251728","Ponts",NULL,"30.7315","23","25",NULL,"201707262100",2567,363,"Noguera"
683,"251734","el Pont de Suert",NULL,"148.3836","05","25",NULL,"201707262100",2317,838,"Alta Ribagorça"
684,"251749","la Portella",NULL,"11.7129","33","25",NULL,"201707262100",796,259,"Segrià"
685,"251752","Prats i Sansor",NULL,"6.6223","15","25",NULL,"201707262100",226,1124,"Cerdanya"
686,"251765","Preixana","21.3445","21.3445","38","25","20140514","201707262100",422,328,"Urgell"
687,"251771","Preixens",NULL,"28.7537","23","25",NULL,"201707262100",514,315,"Noguera"
688,"251790","Prullans","21.1360","21.136","15","25","20170426","201707262100",224,1096,"Cerdanya"
689,"251804","Puiggròs","9.83","9.83","18","25","20100311","201707262100",298,334,"Garrigues"
690,"251811","Puigverd d'Agramunt",NULL,"21.2221","38","25",NULL,"201707262100",268,366,"Urgell"
691,"251826","Puigverd de Lleida",NULL,"12.4195","33","25",NULL,"201707262100",1259,219,"Segrià"
692,"251832","Rialp",NULL,"63.1583","26","25",NULL,"201707262100",649,725,"Pallars Sobirà"
693,"251850","Ribera d'Urgellet",NULL,"106.8463","04","25",NULL,"201707262100",971,702,"Alt Urgell"
694,"251863","Riner","47.5771","47.5771","35","25","20170726","201707262100",274,611,"Solsonès"
695,"251898","Rosselló",NULL,"9.9433","33","25",NULL,"201707262100",2478,252,"Segrià"
696,"251902","Salàs de Pallars",NULL,"20.441","25","25",NULL,"201707262100",330,573,"Pallars Jussà"
697,"251919","Sanaüja","32.9353","32.9353","32","25","20140514","201707262100",448,409,"Segarra"
698,"251924","Sant Guim de Freixenet","25.1481","25.1481","32","25","20140514","201707262100",1057,738,"Segarra"
699,"251930","Sant Llorenç de Morunys","4.5941","4.5941","35","25","20170726","201707262100",950,925,"Solsonès"
700,"251945","Sant Ramon","18.8603","18.8603","32","25","20140212","201707262100",565,641,"Segarra"
701,"251961","Sant Esteve de la Sarga",NULL,"92.6176","25","25",NULL,"201707262100",155,875,"Pallars Jussà"
702,"251977","Sant Guim de la Plana","12.3157","12.3157","32","25","20130529","201707262100",199,556,"Segarra"
703,"252000","Sarroca de Lleida",NULL,"41.7855","33","25",NULL,"201707262100",446,201,"Segrià"
704,"252017","Sarroca de Bellera",NULL,"87.5452","25","25",NULL,"201707262100",142,1002,"Pallars Jussà"
705,"252022","Senterada",NULL,"34.5049","25","25",NULL,"201707262100",126,729,"Pallars Jussà"
706,"252038","la Seu d'Urgell",NULL,"15.4501","04","25",NULL,"201707262100",12533,691,"Alt Urgell"
707,"252043","Seròs",NULL,"85.9856","33","25",NULL,"201707262100",1909,103,"Segrià"
708,"252056","Sidamon",NULL,"8.1517","27","25",NULL,"201707262100",688,232,"Pla d'Urgell"
709,"252069","el Soleràs","12.62","12.62","18","25","20100311","201707262100",382,381,"Garrigues"
710,"252075","Solsona","17.70","17.7","35","25","20050620","201707262100",8823,664,"Solsonès"
711,"252081","Soriguera",NULL,"106.0372","26","25",NULL,"201707262100",337,1192,"Pallars Sobirà"
712,"252094","Sort",NULL,"105.1781","26","25",NULL,"201707262100",2238,692,"Pallars Sobirà"
713,"252108","Soses",NULL,"30.1623","33","25",NULL,"201707262100",1643,118,"Segrià"
714,"252115","Sudanell",NULL,"8.1684","33","25",NULL,"201707262100",805,152,"Segrià"
715,"252120","Sunyer",NULL,"12.4924","33","25",NULL,"201707262100",283,211,"Segrià"
716,"252154","Talarn",NULL,"28.2452","25","25",NULL,"201707262100",339,572,"Pallars Jussà"
717,"252167","Talavera","30.6059","30.6059","32","25","20150730","201707262100",303,791,"Segarra"
718,"252173","Tàrrega","87.9464","87.9464","38","25","20160505","201707262100",15155,373,"Urgell"
719,"252189","Tarrés","13.08","13.08","18","25","20100311","201707262100",111,578,"Garrigues"
720,"252192","Tarroja de Segarra","7.9022","7.9022","32","25","20131016","201707262100",175,460,"Segarra"
721,"252206","Térmens","27.5768","27.5768","23","25","20140514","201707262100",1531,208,"Noguera"
722,"252213","Tírvia",NULL,"8.5204","26","25",NULL,"201707262100",120,991,"Pallars Sobirà"
723,"252228","Tiurana","15.6130","15.613","23","25","20160505","201707262100",48,387,"Noguera"
724,"252234","Torà",NULL,"93.3568","32","25",NULL,"201707262100",1327,448,"Segarra"
725,"252249","els Torms",NULL,"13.5075","18","25",NULL,"201707262100",189,476,"Garrigues"
726,"252252","Tornabous","20.0979","20.0979","38","25","20140212","201707262100",823,289,"Urgell"
727,"252265","Torrebesses",NULL,"27.7061","33","25",NULL,"201707262100",305,287,"Segrià"
728,"252271","la Torre de Cabdella",NULL,"165.4219","25","25",NULL,"201707262100",722,1075,"Pallars Jussà"
729,"252287","Torrefarrera",NULL,"23.4442","33","25",NULL,"201707262100",3051,214,"Segrià"
730,"252304","Torregrossa",NULL,"40.4765","27","25",NULL,"201707262100",2302,232,"Pla d'Urgell"
731,"252311","Torrelameu",NULL,"10.7779","23","25",NULL,"201707262100",628,201,"Noguera"
732,"252326","Torres de Segre",NULL,"50.8525","33","25",NULL,"201707262100",2054,119,"Segrià"
733,"252332","Torre-serona",NULL,"5.8821","33","25",NULL,"201707262100",341,197,"Segrià"
734,"252347","Tremp",NULL,"302.5473","25","25",NULL,"201707262100",5401,468,"Pallars Jussà"
735,"252385","Vallbona de les Monges","34.3328","34.3328","38","25","20131016","201707262100",247,481,"Urgell"
736,"252398","les Valls de Valira",NULL,"171.0223","04","25",NULL,"201707262100",744,740,"Alt Urgell"
737,"252402","Vallfogona de Balaguer","27.1067","27.1067","23","25","20131016","201707262100",1601,235,"Noguera"
738,"252424","Verdú","35.8426","35.8426","38","25","20160505","201707262100",1027,434,"Urgell"
739,"252430","Vielha e Mijaran",NULL,"211.516","39","25",NULL,"201707262100",5239,974,"Val d'Aran"
740,"252445","Vilagrassa","19.6712","19.6712","38","25","20131016","201707262100",467,355,"Urgell"
741,"252458","Vilaller",NULL,"59.1628","05","25",NULL,"201707262100",678,981,"Alta Ribagorça"
742,"252477","Vilamòs",NULL,"15.4505","39","25",NULL,"201707262100",173,1255,"Val d'Aran"
743,"252483","Vilanova de Bellpuig","13.9051","13.9051","27","25","20130529","201707262100",1100,290,"Pla d'Urgell"
744,"252496","Vilanova de l'Aguda",NULL,"53.3471","23","25",NULL,"201707262100",246,409,"Noguera"
745,"252509","Vilanova de Meià",NULL,"104.7412","23","25",NULL,"201707262100",432,633,"Noguera"
746,"252516","Vilanova de Segrià","8.3979","8.3979","33","25","20170726","201707262100",809,255,"Segrià"
747,"252521","Vila-sana","18.9870","18.987","27","25","20150730","201707262100",611,249,"Pla d'Urgell"
748,"252537","el Vilosell","18.84","18.84","18","25","20091007","201707262100",202,665,"Garrigues"
749,"252542","Vilanova de la Barca",NULL,"21.3886","33","25",NULL,"201707262100",1122,195,"Segrià"
750,"252555","Vinaixa","37.47","37.47","18","25","20091007","201707262100",604,479,"Garrigues"
751,"259010","Vall de Cardós",NULL,"56.3963","26","25",NULL,"201707262100",393,898,"Pallars Sobirà"
752,"259025","Sant Martí de Riucorb","34.8275","34.8275","38","25","20150128","201707262100",709,409,"Urgell"
753,"259031","la Guingueta d'Àneu",NULL,"108.1895","26","25",NULL,"201707262100",360,919,"Pallars Sobirà"
754,"259046","Castell de Mur",NULL,"62.6487","25","25",NULL,"201707262100",163,532,"Pallars Jussà"
755,"259059","Ribera d'Ondara","54.2487","54.2487","32","25","20160505","201707262100",476,570,"Segarra"
756,"259062","les Valls d'Aguilar",NULL,"123.6072","04","25",NULL,"201707262100",314,669,"Alt Urgell"
757,"259078","Torrefeta i Florejacs",NULL,"88.9394","32","25",NULL,"201707262100",650,475,"Segarra"
758,"259084","Fígols i Alinyà",NULL,"101.8868","04","25",NULL,"201707262100",254,602,"Alt Urgell"
759,"259097","la Vansa i Fórnols",NULL,"106.0623","04","25",NULL,"201707262100",196,989,"Alt Urgell"
760,"259101","Josa i Tuixén",NULL,"68.4706","04","25",NULL,"201707262100",176,1206,"Alt Urgell"
761,"259118","els Plans de Sió",NULL,"55.8378","32","25",NULL,"201801011500",570,412,"Segarra"
762,"259123","Gimenells i el Pla de la Font",NULL,"55.7531","33","25",NULL,"201707262100",1118,258,"Segrià"
763,"259139","Riu de Cerdanya","12.34","12.34","15","25","20040325","201707262100",94,1173,"Cerdanya"
764,"430017","Aiguamúrcia",NULL,"72.7721","01","43",NULL,"201707262100",797,314,"Alt Camp"
765,"430022","Albinyana",NULL,"19.5728","12","43",NULL,"201707262100",2140,198,"Baix Penedès"
766,"430038","l'Albiol",NULL,"20.3042","08","43",NULL,"201707262100",348,823,"Baix Camp"
767,"430043","Alcanar",NULL,"46.9437","22","43",NULL,"201707262100",9620,72,"Montsià"
768,"430056","Alcover",NULL,"46.1975","01","43",NULL,"201707262100",4500,243,"Alt Camp"
769,"430069","Aldover",NULL,"20.2063","09","43",NULL,"201707262100",893,14,"Baix Ebre"
770,"430075","l'Aleixar",NULL,"26.1145","08","43",NULL,"201801011500",815,262,"Baix Camp"
771,"430081","Alfara de Carles",NULL,"63.9302","09","43",NULL,"201707262100",341,334,"Baix Ebre"
772,"430094","Alforja",NULL,"38.431","08","43",NULL,"201707262100",1584,374,"Baix Camp"
773,"430108","Alió",NULL,"7.2374","01","43",NULL,"201707262100",376,263,"Alt Camp"
774,"430115","Almoster",NULL,"6.0016","08","43",NULL,"201801011500",1241,290,"Baix Camp"
775,"430120","Altafulla",NULL,"6.8648","36","43",NULL,"201707262100",4274,52,"Tarragonès"
776,"430136","l'Ametlla de Mar",NULL,"67.0399","09","43",NULL,"201707262100",6744,19,"Baix Ebre"
777,"430141","Amposta",NULL,"138.501","22","43",NULL,"201707262100",19142,8,"Montsià"
778,"430154","Arbolí",NULL,"20.6898","08","43",NULL,"201707262100",105,714,"Baix Camp"
779,"430167","l'Arboç",NULL,"14.2981","12","43",NULL,"201707262100",4802,166,"Baix Penedès"
780,"430173","l'Argentera",NULL,"10.0251","08","43",NULL,"201707262100",155,344,"Baix Camp"
781,"430189","Arnes",NULL,"42.756","37","43",NULL,"201707262100",510,506,"Terra Alta"
782,"430192","Ascó","73.5257","73.5257","30","43","20160727","201707262100",1602,70,"Ribera d'Ebre"
783,"430206","Banyeres del Penedès",NULL,"12.2365","12","43",NULL,"201707262100",2557,173,"Baix Penedès"
784,"430213","Barberà de la Conca",NULL,"26.1881","16","43",NULL,"201707262100",503,475,"Conca de Barberà"
785,"430228","Batea",NULL,"128.4673","37","43",NULL,"201707262100",2106,376,"Terra Alta"
786,"430234","Bellmunt del Priorat",NULL,"8.8904","29","43",NULL,"201707262100",324,261,"Priorat"
787,"430249","Bellvei",NULL,"8.2898","12","43",NULL,"201707262100",1748,108,"Baix Penedès"
788,"430252","Benifallet",NULL,"62.4843","09","43",NULL,"201707262100",790,19,"Baix Ebre"
789,"430265","Benissanet",NULL,"23.044","30","43",NULL,"201707262100",1205,26,"Ribera d'Ebre"
790,"430271","la Bisbal de Falset",NULL,"14.0473","29","43",NULL,"201707262100",266,372,"Priorat"
791,"430287","la Bisbal del Penedès",NULL,"32.5361","12","43",NULL,"201707262100",2815,189,"Baix Penedès"
792,"430290","Blancafort","14.5340","14.534","16","43","20160505","201707262100",414,428,"Conca de Barberà"
793,"430304","Bonastre",NULL,"24.9817","12","43",NULL,"201707262100",534,177,"Baix Penedès"
794,"430311","les Borges del Camp",NULL,"8.3503","08","43",NULL,"201707262100",1914,238,"Baix Camp"
795,"430326","Bot",NULL,"34.6774","37","43",NULL,"201707262100",736,286,"Terra Alta"
796,"430332","Botarell",NULL,"11.9335","08","43",NULL,"201707262100",963,196,"Baix Camp"
797,"430347","Bràfim",NULL,"6.3476","01","43",NULL,"201707262100",650,236,"Alt Camp"
798,"430350","Cabacés",NULL,"31.2285","29","43",NULL,"201707262100",342,358,"Priorat"
799,"430363","Cabra del Camp",NULL,"27.0268","01","43",NULL,"201707262100",944,493,"Alt Camp"
800,"430379","Calafell",NULL,"20.3065","12","43",NULL,"201707262100",20521,67,"Baix Penedès"
801,"430385","Cambrils",NULL,"35.2088","08","43",NULL,"201707262100",27848,24,"Baix Camp"
802,"430398","Capafonts",NULL,"13.3536","08","43",NULL,"201707262100",114,751,"Baix Camp"
803,"430402","Capçanes",NULL,"22.2295","29","43",NULL,"201707262100",408,223,"Priorat"
804,"430419","Caseres",NULL,"42.5211","37","43",NULL,"201707262100",311,324,"Terra Alta"
805,"430424","Castellvell del Camp","5.1713","5.1713","08","43","20160505","201707262100",2474,219,"Baix Camp"
806,"430430","el Catllar",NULL,"26.3405","36","43",NULL,"201801011500",3519,59,"Tarragonès"
807,"430445","la Sénia",NULL,"108.8745","22","43",NULL,"201707262100",5976,369,"Montsià"
808,"430458","Colldejou",NULL,"14.4175","08","43",NULL,"201707262100",190,431,"Baix Camp"
809,"430461","Conesa","29.0404","29.0404","16","43","20170426","201707262100",141,705,"Conca de Barberà"
810,"430477","Constantí",NULL,"31.0365","36","43",NULL,"201801011500",5813,81,"Tarragonès"
811,"430483","Corbera d'Ebre",NULL,"53.0768","37","43",NULL,"201707262100",1128,337,"Terra Alta"
812,"430496","Cornudella de Montsant",NULL,"62.9169","29","43",NULL,"201707262100",979,533,"Priorat"
813,"430509","Creixell",NULL,"10.3628","36","43",NULL,"201707262100",2758,48,"Tarragonès"
814,"430516","Cunit",NULL,"9.7674","12","43",NULL,"201707262100",10033,10,"Baix Penedès"
815,"430521","Xerta",NULL,"32.4205","09","43",NULL,"201707262100",1278,12,"Baix Ebre"
816,"430537","Duesaigües",NULL,"13.5822","08","43",NULL,"201707262100",211,268,"Baix Camp"
817,"430542","l'Espluga de Francolí",NULL,"56.5179","16","43",NULL,"201707262100",3857,411,"Conca de Barberà"
818,"430555","Falset",NULL,"31.8485","29","43",NULL,"201707262100",2717,364,"Priorat"
819,"430568","la Fatarella",NULL,"56.7379","37","43",NULL,"201707262100",1160,487,"Terra Alta"
820,"430574","la Febró",NULL,"16.0565","08","43",NULL,"201707262100",58,754,"Baix Camp"
821,"430580","la Figuera",NULL,"18.9171","29","43",NULL,"201707262100",165,576,"Priorat"
822,"430593","Figuerola del Camp",NULL,"22.4595","01","43",NULL,"201707262100",336,474,"Alt Camp"
823,"430607","Flix",NULL,"116.8847","30","43",NULL,"201707262100",3960,47,"Ribera d'Ebre"
824,"430614","Forès","16.1481","16.1481","16","43","20170426","201707262100",57,866,"Conca de Barberà"
825,"430629","Freginals",NULL,"17.4445","22","43",NULL,"201707262100",444,126,"Montsià"
826,"430635","la Galera",NULL,"27.4056","22","43",NULL,"201707262100",824,112,"Montsià"
827,"430640","Gandesa",NULL,"71.3024","37","43",NULL,"201707262100",3091,363,"Terra Alta"
828,"430653","Garcia",NULL,"52.2597","30","43",NULL,"201707262100",534,73,"Ribera d'Ebre"
829,"430666","els Garidells",NULL,"3.0076","01","43",NULL,"201707262100",196,132,"Alt Camp"
830,"430672","Ginestar",NULL,"15.6375","30","43",NULL,"201707262100",965,26,"Ribera d'Ebre"
831,"430688","Godall",NULL,"33.9097","22","43",NULL,"201707262100",771,168,"Montsià"
832,"430691","Gratallops",NULL,"13.494","29","43",NULL,"201707262100",246,321,"Priorat"
833,"430705","els Guiamets",NULL,"11.8906","29","43",NULL,"201707262100",330,226,"Priorat"
834,"430712","Horta de Sant Joan",NULL,"119.2286","37","43",NULL,"201707262100",1238,542,"Terra Alta"
835,"430727","el Lloar",NULL,"6.6665","29","43",NULL,"201707262100",111,219,"Priorat"
836,"430733","Llorac","23.1376","23.1376","16","43","20150730","201707262100",116,648,"Conca de Barberà"
837,"430748","Llorenç del Penedès",NULL,"4.6812","12","43",NULL,"201707262100",2073,162,"Baix Penedès"
838,"430751","Margalef",NULL,"34.7588","29","43",NULL,"201707262100",128,379,"Priorat"
839,"430764","Marçà",NULL,"16.0854","29","43",NULL,"201707262100",653,315,"Priorat"
840,"430770","Mas de Barberans",NULL,"78.882","22","43",NULL,"201707262100",679,348,"Montsià"
841,"430786","Masdenverge",NULL,"14.6754","22","43",NULL,"201707262100",1077,54,"Montsià"
842,"430799","Masllorenç",NULL,"6.5399","12","43",NULL,"201707262100",500,304,"Baix Penedès"
843,"430803","la Masó",NULL,"3.4614","01","43",NULL,"201707262100",280,115,"Alt Camp"
844,"430810","Maspujols",NULL,"3.5982","08","43",NULL,"201707262100",529,214,"Baix Camp"
845,"430825","el Masroig",NULL,"15.535","29","43",NULL,"201707262100",538,192,"Priorat"
846,"430831","el Milà",NULL,"4.1649","01","43",NULL,"201707262100",180,166,"Alt Camp"
847,"430846","Miravet",NULL,"32.5845","30","43",NULL,"201707262100",796,43,"Ribera d'Ebre"
848,"430859","el Molar",NULL,"22.7503","29","43",NULL,"201707262100",302,228,"Priorat"
849,"430862","Montblanc",NULL,"90.9905","16","43",NULL,"201707262100",6767,350,"Conca de Barberà"
850,"430884","Montbrió del Camp",NULL,"10.5504","08","43",NULL,"201707262100",1774,132,"Baix Camp"
851,"430897","Montferri",NULL,"19.3517","01","43",NULL,"201707262100",258,229,"Alt Camp"
852,"430901","el Montmell",NULL,"72.5421","12","43",NULL,"201707262100",1175,429,"Baix Penedès"
853,"430918","Mont-ral",NULL,"34.5692","01","43",NULL,"201707262100",179,888,"Alt Camp"
854,"430923","Mont-roig del Camp",NULL,"63.288","08","43",NULL,"201707262100",9456,120,"Baix Camp"
855,"430939","Móra d'Ebre",NULL,"45.3362","30","43",NULL,"201707262100",5098,38,"Ribera d'Ebre"
856,"430944","Móra la Nova",NULL,"15.7262","30","43",NULL,"201707262100",3216,31,"Ribera d'Ebre"
857,"430957","el Morell",NULL,"5.9424","36","43",NULL,"201707262100",2704,104,"Tarragonès"
858,"430960","la Morera de Montsant",NULL,"53.3381","29","43",NULL,"201707262100",165,743,"Priorat"
859,"430976","la Nou de Gaià",NULL,"4.3075","36","43",NULL,"201707262100",449,93,"Tarragonès"
860,"430982","Nulles",NULL,"10.6381","01","43",NULL,"201707262100",382,231,"Alt Camp"
861,"430995","la Palma d'Ebre",NULL,"38.0056","30","43",NULL,"201707262100",398,335,"Ribera d'Ebre"
862,"431009","els Pallaresos",NULL,"5.023","36","43",NULL,"201707262100",3346,120,"Tarragonès"
863,"431016","Passanant i Belltall","27.7667","27.7667","16","43","20170726","201707262100",174,714,"Conca de Barberà"
864,"431021","Paüls",NULL,"43.7807","09","43",NULL,"201707262100",602,378,"Baix Ebre"
865,"431037","Perafort",NULL,"9.717","36","43",NULL,"201707262100",901,125,"Tarragonès"
866,"431042","el Perelló",NULL,"100.7024","09","43",NULL,"201707262100",2504,142,"Baix Ebre"
867,"431055","les Piles",NULL,"22.4504","16","43",NULL,"201801011500",196,676,"Conca de Barberà"
868,"431068","el Pinell de Brai",NULL,"57.1676","37","43",NULL,"201707262100",1112,189,"Terra Alta"
869,"431074","Pira","8.5751","8.5751","16","43","20170426","201707262100",475,385,"Conca de Barberà"
870,"431080","el Pla de Santa Maria",NULL,"35.0383","01","43",NULL,"201707262100",2009,381,"Alt Camp"
871,"431093","la Pobla de Mafumet",NULL,"6.0818","36","43",NULL,"201707262100",1465,98,"Tarragonès"
872,"431107","la Pobla de Massaluca",NULL,"43.2256","37","43",NULL,"201707262100",407,357,"Terra Alta"
873,"431114","la Pobla de Montornès",NULL,"12.3132","36","43",NULL,"201707262100",2339,56,"Tarragonès"
874,"431129","Poboleda",NULL,"13.7905","29","43",NULL,"201707262100",353,343,"Priorat"
875,"431135","el Pont d'Armentera",NULL,"21.6964","01","43",NULL,"201707262100",580,349,"Alt Camp"
876,"431140","Porrera",NULL,"28.7135","29","43",NULL,"201707262100",488,316,"Priorat"
877,"431153","Pradell de la Teixeta",NULL,"21.9186","29","43",NULL,"201707262100",178,463,"Priorat"
878,"431166","Prades",NULL,"32.5851","08","43",NULL,"201707262100",622,950,"Baix Camp"
879,"431172","Prat de Comte",NULL,"26.3457","37","43",NULL,"201707262100",196,363,"Terra Alta"
880,"431188","Pratdip",NULL,"36.2166","08","43",NULL,"201707262100",715,245,"Baix Camp"
881,"431191","Puigpelat",NULL,"9.5308","01","43",NULL,"201707262100",829,252,"Alt Camp"
882,"431205","Querol",NULL,"72.0132","01","43",NULL,"201707262100",416,565,"Alt Camp"
883,"431212","Rasquera",NULL,"51.0384","30","43",NULL,"201707262100",934,174,"Ribera d'Ebre"
884,"431227","Renau",NULL,"8.3107","36","43",NULL,"201707262100",93,175,"Tarragonès"
885,"431233","Reus","52.9031","52.9031","08","43","20171213","201801011500",101767,117,"Baix Camp"
886,"431248","la Riba",NULL,"8.0426","01","43",NULL,"201707262100",682,263,"Alt Camp"
887,"431251","Riba-roja d'Ebre",NULL,"99.2602","30","43",NULL,"201707262100",1353,76,"Ribera d'Ebre"
888,"431264","la Riera de Gaià",NULL,"8.7651","36","43",NULL,"201707262100",1332,28,"Tarragonès"
889,"431270","Riudecanyes",NULL,"17.0456","08","43",NULL,"201707262100",878,195,"Baix Camp"
890,"431286","Riudecols",NULL,"19.5074","08","43",NULL,"201707262100",1133,299,"Baix Camp"
891,"431299","Riudoms",NULL,"32.3741","08","43",NULL,"201801011500",5925,125,"Baix Camp"
892,"431303","Rocafort de Queralt","8.4382","8.4382","16","43","20150730","201707262100",264,566,"Conca de Barberà"
893,"431310","Roda de Berà",NULL,"16.5017","36","43",NULL,"201707262100",5196,57,"Tarragonès"
894,"431325","Rodonyà",NULL,"8.3512","01","43",NULL,"201707262100",474,312,"Alt Camp"
895,"431331","Roquetes",NULL,"137.1046","09","43",NULL,"201707262100",7444,14,"Baix Ebre"
896,"431346","el Rourell",NULL,"2.3157","01","43",NULL,"201707262100",354,114,"Alt Camp"
897,"431359","Salomó",NULL,"12.3502","36","43",NULL,"201707262100",439,165,"Tarragonès"
898,"431362","Sant Carles de la Ràpita",NULL,"53.1495","22","43",NULL,"201707262100",13488,11,"Montsià"
899,"431378","Sant Jaume dels Domenys",NULL,"24.2833","12","43",NULL,"201707262100",1998,213,"Baix Penedès"
900,"431384","Santa Bàrbara",NULL,"28.1336","22","43",NULL,"201707262100",3715,79,"Montsià"
901,"431397","Santa Coloma de Queralt",NULL,"33.994","16","43",NULL,"201707262100",3035,674,"Conca de Barberà"
902,"431401","Santa Oliva",NULL,"9.4957","12","43",NULL,"201707262100",2907,101,"Baix Penedès"
903,"431418","Pontils",NULL,"67.5769","16","43",NULL,"201707262100",139,551,"Conca de Barberà"
904,"431423","Sarral",NULL,"52.5791","16","43",NULL,"201707262100",1596,467,"Conca de Barberà"
905,"431439","Savallà del Comtat","14.6318","14.6318","16","43","20150429","201707262100",72,825,"Conca de Barberà"
906,"431444","la Secuita",NULL,"17.8142","36","43",NULL,"201801011500",1269,169,"Tarragonès"
907,"431457","la Selva del Camp",NULL,"35.332","08","43",NULL,"201801011500",4983,246,"Baix Camp"
908,"431460","Senan","11.88","11.88","16","43","20101215","201707262100",46,652,"Conca de Barberà"
909,"431476","Solivella",NULL,"21.3281","16","43",NULL,"201707262100",630,489,"Conca de Barberà"
910,"431482","Tarragona","58.7760","58.776","36","43","20160505","201707262100",131158,68,"Tarragonès"
911,"431495","Tivenys",NULL,"53.6033","09","43",NULL,"201707262100",916,13,"Baix Ebre"
912,"431508","Tivissa",NULL,"209.4328","30","43",NULL,"201707262100",1788,309,"Ribera d'Ebre"
913,"431515","la Torre de Fontaubella",NULL,"7.1393","29","43",NULL,"201707262100",134,369,"Priorat"
914,"431520","la Torre de l'Espanyol",NULL,"27.9252","30","43",NULL,"201707262100",714,164,"Ribera d'Ebre"
915,"431536","Torredembarra",NULL,"8.7556","36","43",NULL,"201707262100",14044,15,"Tarragonès"
916,"431541","Torroja del Priorat",NULL,"13.1604","29","43",NULL,"201707262100",142,332,"Priorat"
917,"431554","Tortosa",NULL,"218.462","09","43",NULL,"201707262100",34266,12,"Baix Ebre"
918,"431567","Ulldecona",NULL,"126.7361","22","43",NULL,"201707262100",6229,133,"Montsià"
919,"431573","Ulldemolins",NULL,"38.0386","29","43",NULL,"201707262100",508,650,"Priorat"
920,"431589","Vallclara","13.45","13.45","16","43","20120620","201707262100",108,625,"Conca de Barberà"
921,"431592","Vallfogona de Riucorb","10.93","10.93","16","43","20101117","201707262100",159,573,"Conca de Barberà"
922,"431606","Vallmoll",NULL,"16.6429","01","43",NULL,"201707262100",1469,161,"Alt Camp"
923,"431613","Valls",NULL,"55.5822","01","43",NULL,"201707262100",23315,215,"Alt Camp"
924,"431628","Vandellòs i l'Hospitalet de l'Infant",NULL,"102.7538","08","43",NULL,"201707262100",5134,281,"Baix Camp"
925,"431634","el Vendrell",NULL,"36.8765","12","43",NULL,"201707262100",31953,49,"Baix Penedès"
926,"431649","Vespella de Gaià",NULL,"18.057","36","43",NULL,"201707262100",339,191,"Tarragonès"
927,"431652","Vilabella",NULL,"18.1249","01","43",NULL,"201707262100",787,254,"Alt Camp"
928,"431665","Vilallonga del Camp",NULL,"9.1481","36","43",NULL,"201707262100",1539,124,"Tarragonès"
929,"431671","Vilanova d'Escornalbou",NULL,"17.263","08","43",NULL,"201707262100",466,226,"Baix Camp"
930,"431687","Vilanova de Prades","21.64","21.64","16","43","20120620","201707262100",149,893,"Conca de Barberà"
931,"431690","Vilaplana",NULL,"23.1037","08","43",NULL,"201707262100",584,366,"Baix Camp"
932,"431704","Vila-rodona",NULL,"33.0633","01","43",NULL,"201707262100",1088,259,"Alt Camp"
933,"431711","Vila-seca",NULL,"21.6576","36","43",NULL,"201801011500",17305,45,"Tarragonès"
934,"431726","Vilaverd",NULL,"12.6149","16","43",NULL,"201707262100",438,269,"Conca de Barberà"
935,"431732","la Vilella Alta",NULL,"5.1235","29","43",NULL,"201707262100",121,327,"Priorat"
936,"431747","la Vilella Baixa",NULL,"5.5045","29","43",NULL,"201707262100",198,218,"Priorat"
937,"431750","Vilalba dels Arcs",NULL,"67.1345","37","43",NULL,"201707262100",720,450,"Terra Alta"
938,"431763","Vimbodí i Poblet",NULL,"66.2643","16","43",NULL,"201707262100",1052,496,"Conca de Barberà"
939,"431779","Vinebre",NULL,"26.5081","30","43",NULL,"201707262100",483,34,"Ribera d'Ebre"
940,"431785","Vinyols i els Arcs",NULL,"10.9164","08","43",NULL,"201707262100",1553,95,"Baix Camp"
941,"439018","Deltebre",NULL,"106.3214","09","43",NULL,"201707262100",10811,6,"Baix Ebre"
942,"439023","Sant Jaume d'Enveja",NULL,"59.7993","22","43",NULL,"201707262100",3368,7,"Montsià"
943,"439039","Camarles",NULL,"25.194","09","43",NULL,"201707262100",3371,13,"Baix Ebre"
944,"439044","l'Aldea",NULL,"35.1977","09","43",NULL,"201707262100",3795,9,"Baix Ebre"
945,"439057","Salou",NULL,"15.1269","36","43",NULL,"201707262100",22162,2,"Tarragonès"
946,"439060","l'Ampolla",NULL,"35.6533","09","43",NULL,"201707262100",2613,8,"Baix Ebre"
947,"439076","la Canonja",NULL,"7.3528","36","43",NULL,"201801011500",NULL,NULL,"Tarragonès"
